ชื่อสถานี,ที่ตั้ง,เวลา,ฝนล่าสุด (มม.),lat,long
กรุงเทพฯ บางนา สกษ.,ต.บางนา อ.บางนา จ.กรุงเทพมหานคร,13:00 น.,76,13.66638957850642,100.60610890388489
รร.บ้านลำปลอกเหนือ,ต.ในควน อ.ย่านตาขาว จ.ตรัง,16:00 น.,75.8,7.354901490150456,99.81480896472931
ส.คลองบางนา,ต.บางนา อ.บางนา จ.กรุงเทพมหานคร,16:00 น.,62,13.674927564290607,100.58756947517395
เขตบางนา,ต.บางนา อ.บางนา จ.กรุงเทพมหานคร,16:00 น.,59,13.680947753034536,100.59183955192566
จุดวัด ค.บางนา-ถ.ศรีนครินทร์,ต.บางนา อ.บางนา จ.กรุงเทพมหานคร,16:00 น.,55.5,13.661062302393612,100.63942193984985
ปตร. คลองลัดบางยอ 2,ต.บางกระสอบ อ.พระประแดง จ.สมุทรปราการ,16:00 น.,55.4,13.661062302393612,100.56729197502136
รพสต.บ้านลำกะ,ต.ชุมพล อ.ศรีนครินทร์ จ.พัทลุง,16:00 น.,53.8,7.583800128974899,99.97161090373993
ปตร.คลองวัดด่าน,ต.ทรงคนอง อ.พระประแดง จ.สมุทรปราการ,16:00 น.,53,13.670710734383432,100.54018020629883
อุทยานแห่งชาติดอยภูคา,ต.ภูคา อ.ปัว จ.น่าน,16:00 น.,52.2,19.203983744992335,101.07766270637512
ทต.หนองบอน,ต.หนองบอน อ.บ่อไร่ จ.ตราด,16:00 น.,52,12.677049749346349,102.4595582485199
ปตร. คลองตาสด,ต.บางกระสอบ อ.พระประแดง จ.สมุทรปราการ,16:00 น.,51.6,13.66482059913717,100.57125091552734
คลองปาว,ต.เหล่าอ้อย อ.ร่องคำ จ.กาฬสินธุ์,16:00 น.,51.6,16.25924658262352,103.69044005870819
บ้านลิพัง,ต.ลิพัง อ.ปะเหลียน จ.ตรัง,15:00 น.,51.5,7.163564602240865,99.78799760341644
ส.คลองสำโรง,ต.เทพารักษ์ อ.เมืองสมุทรปราการ จ.สมุทรปราการ,16:00 น.,51,13.648191898914314,100.59513866901398
บ้านหนองบอน,ต.หนองบอน อ.บ่อไร่ จ.ตราด,15:00 น.,49,12.68149831063873,102.46607601642609
บ้านเต๋ยกิ๋วเห็น,ต.ภูคา อ.ปัว จ.น่าน,15:00 น.,49,19.219611325292117,101.06199860572815
บ้านคลองพี,ต.บาละ อ.กาบัง จ.ยะลา,15:00 น.,48.5,6.3631711322763795,101.04286909103394
ส.คลองแจงร้อน,ต.บางพึ่ง อ.พระประแดง จ.สมุทรปราการ,16:00 น.,46.5,13.67627234704129,100.52097022533417
อบต.นายายอาม,ต.นายายอาม อ.นายายอาม จ.จันทบุรี,16:00 น.,46.4,12.770845557489922,101.85303032398224
ส.คลองบางอ้อ,ต.บางจาก อ.พระโขนง จ.กรุงเทพมหานคร,16:00 น.,45,13.68212049944881,100.59254229068756
บ้านสำนักเนียน,ต.เขาน้อย อ.สิชล จ.นครศรีธรรมราช,15:00 น.,44.5,8.934703224529219,99.69999969005585
บ้านห้วยไทร,ต.ชุมพล อ.ศรีนครินทร์ จ.พัทลุง,15:00 น.,44,7.629687658497234,99.92134094238281
ส.คลองสี่บาท,ต.แสมดำ อ.บางขุนเทียน จ.กรุงเทพมหานคร,16:00 น.,43.5,13.6732491811468,100.44614732265472
ปตร. คลองบางน้ำผึ้ง,ต.บางน้ำผึ้ง อ.พระประแดง จ.สมุทรปราการ,16:00 น.,43,13.676611148301776,100.58206558227539
ส.คลองเจ็ก,ต.บางจาก อ.พระโขนง จ.กรุงเทพมหานคร,16:00 น.,43,13.69223193375227,100.58990836143494
อบต.ขุนซ่อง,ต.ขุนซ่อง อ.แก่งหางแมว จ.จันทบุรี,16:00 น.,42.4,13.07400215476953,101.93758964538574
ตลาดน้ำบางน้ำผึ้ง,ต.บางน้ำผึ้ง อ.พระประแดง จ.สมุทรปราการ,16:00 น.,42,13.678649153421931,100.57360053062439
บ้านผาเวียง,ต.ภูคา อ.ปัว จ.น่าน,15:00 น.,41.5,19.157816728615103,101.02511286735535
สะพานข้ามลำปะเทีย,ต.อีสานเขต อ.เฉลิมพระเกียรติ จ.บุรีรัมย์,16:00 น.,41,14.617066622070004,102.90032029151917
อบต.หนองญ้าปล้อง,ต.หนองหญ้าปล้อง อ.หนองหญ้าปล้อง จ.เพชรบุรี,16:00 น.,40.8,13.169915944364321,99.68774199485779
อบต.เขากระปุก,ต.เขากระปุก อ.ท่ายาง จ.เพชรบุรี,16:00 น.,40.4,12.719914941318901,99.73544239997864
เขตจอมทอง,ต.บางมด อ.จอมทอง จ.กรุงเทพมหานคร,16:00 น.,40,13.677439903995495,100.48427224159241
เมืองตราด,ต.ห้วยแร้ง อ.เมืองตราด จ.ตราด,16:00 น.,40,12.325197054747163,102.50044047832489
ที่ว่าการอำเภอกาบัง,ต.กาบัง อ.กาบัง จ.ยะลา,16:00 น.,39,6.42707427445721,101.01934611797333
บ้านจันทรัตน์,ต.ยะรม อ.เบตง จ.ยะลา,15:00 น.,39,5.786995421443282,101.16164267063141
บ้านกลาง,ต.ละมอ อ.นาโยง จ.ตรัง,15:00 น.,39,7.62349339462261,99.78299796581268
บ้านควนใหม่,ต.โคกชะงาย อ.เมืองพัทลุง จ.พัทลุง,15:00 น.,38.5,7.631378437559678,99.99854564666748
เขตราษฎร์บูรณะ,ต.ราษฎร์บูรณะ อ.ราษฎร์บูรณะ จ.กรุงเทพมหานคร,16:00 น.,38.5,13.682068377655185,100.50585865974426
บ้านเขาเหล็ก,ต.นบพิตำ อ.นบพิตำ จ.นครศรีธรรมราช,15:00 น.,38,8.768399169963601,99.72499787807465
บ้านปากลง,ต.กรุงชิง อ.นบพิตำ จ.นครศรีธรรมราช,15:00 น.,38,8.806479483968907,99.60200250148773
ลำน้ำขว้าง (ฝายจ้าว),ต.ศิลาแลง อ.ปัว จ.น่าน,16:00 น.,37.8,19.180187460793604,100.95906615257263
บางปะหัน,ต.โพธิ์สามต้น อ.บางปะหัน จ.พระนครศรีอยุธยา,16:00 น.,37.6,14.427308278670763,100.55606424808502
บ้านหน้าวัด,ต.ในเตา อ.ห้วยยอด จ.ตรัง,15:00 น.,37.5,7.872840576320857,99.72699880599976
ปตร. คลองแพ,ต.บางกอบัว อ.พระประแดง จ.สมุทรปราการ,16:00 น.,37.4,13.695009896314577,100.58228015899658
ปตร.วัดบางกระเจ้านอก,ต.บางกระเจ้า อ.พระประแดง จ.สมุทรปราการ,16:00 น.,37.4,13.689594663278914,100.55496454238892
อบต.ศีรษะจรเข้น้อย,ต.ศีรษะจรเข้น้อย อ.บางเสาธง จ.สมุทรปราการ,16:00 น.,37.4,13.677747429550672,100.79449117183685
บ้านไทรห้อย*,ต.นาเมืองเพชร อ.สิเกา จ.ตรัง,15:00 น.,37,7.553845639092956,99.49482679367065
ส.คลองบางจาก,ต.บางจาก อ.พระโขนง จ.กรุงเทพมหานคร,16:00 น.,37,13.689099520279346,100.59068083763123
ท่าสะบ้า,ต.ท่าสะบ้า อ.วังวิเศษ จ.ตรัง,16:00 น.,36.6,7.729373672629138,99.55148041248322
รร.วัดทายิการาม,ต.การะเกด อ.เชียรใหญ่ จ.นครศรีธรรมราช,16:00 น.,36.4,8.08212127333945,100.16427934169769
มหาสารคาม,ต.หัวขวาง อ.โกสุมพิสัย จ.มหาสารคาม,16:00 น.,35.7,16.247221276318395,103.06805491447449
สนามบินสุวรรณภูมิ,ต.หนองปรือ อ.บางพลี จ.สมุทรปราการ,16:00 น.,35,13.68638924535473,100.76749742031097
เขตพระโขนง,ต.บางจาก อ.พระโขนง จ.กรุงเทพมหานคร,16:00 น.,34.5,13.702332510614117,100.6019675731659
บ้านพระเลียบ*,ต.ไทยบุรี อ.ท่าศาลา จ.นครศรีธรรมราช,15:00 น.,34.5,8.68437861261309,99.8576009273529
บ้านคลองกระท้อน,ต.บางบุตร อ.บ้านค่าย จ.ระยอง,15:00 น.,34,12.823199110180427,101.38200223445892
ทต.สุไหงโก-ลก,ต.สุไหงโก-ลก อ.สุไหงโก-ลก จ.นราธิวาส,16:00 น.,33.6,6.005105910544757,101.95808708667755
บ้านก่อก๋วง,ต.บ่อเกลือใต้ อ.บ่อเกลือ จ.น่าน,15:00 น.,33,19.181043719488734,101.12100183963776
เขตบางขุนเทียน,ต.แสมดำ อ.บางขุนเทียน จ.กรุงเทพมหานคร,16:00 น.,33,13.660827733060893,100.43531119823456
คลองจระเข้ใหญ่ บางเสาธง (วัดศรีวารีน้อย),ต.ศีรษะจรเข้ใหญ่ อ.บางเสาธง จ.สมุทรปราการ,16:00 น.,33,13.669475381856111,100.80056369304657
บ้านท่านหญิง,ต.ตะกุกเหนือ อ.วิภาวดี จ.สุราษฎร์ธานี,15:00 น.,33,9.242330197474319,98.9188277721405
บ้านนาท้อน,ต.ตลิ่งชัน อ.ท่าศาลา จ.นครศรีธรรมราช,15:00 น.,33,8.790628623951077,99.82548415660858
ส.ช่องนนทรี,ต.ช่องนนทรี อ.ยานนาวา จ.กรุงเทพมหานคร,16:00 น.,32.5,13.694931717615138,100.54874181747437
บ้านนาเปรื่อง,ต.บ่อเกลือใต้ อ.บ่อเกลือ จ.น่าน,15:00 น.,32.5,19.093464338296734,101.15500152111053
เขตคลองเตย,ต.คลองเตย อ.คลองเตย จ.กรุงเทพมหานคร,16:00 น.,32,13.707909010150189,100.58363199234009
คลองนาท่อม,ต.ร่มเมือง อ.เมืองพัทลุง จ.พัทลุง,16:00 น.,31.8,7.558833767187677,99.98757004737854
คลองปะแต,ต.ปะแต อ.ยะหา จ.ยะลา,16:00 น.,31.6,6.4125852162358346,101.13891363143921
ส.พระโขนง,ต.พระโขนง อ.คลองเตย จ.กรุงเทพมหานคร,16:00 น.,31.5,13.708570885561736,100.59541761875153
วัดคะเมยกาญจนผลาราม,ต.แก่งกระจาน อ.แก่งกระจาน จ.เพชรบุรี,16:00 น.,31,13.001656835931133,99.58627939224243
สวนศรีนครเขื่อนขันธ์,ต.บางกระเจ้า อ.พระประแดง จ.สมุทรปราการ,16:00 น.,30.8,13.695557146086754,100.5631560087204
บ้านห้วยปูด,ต.ภูคา อ.ปัว จ.น่าน,15:00 น.,30.5,19.20377604306314,100.99699795246124
บ้านลางา,ต.ลางา อ.มายอ จ.ปัตตานี,15:00 น.,30,6.75011717186938,101.46441578865051
รร.พนาสวรรค์,ต.ภูคา อ.ปัว จ.น่าน,16:00 น.,29.8,19.17976692808337,101.04175329208374
ทต.โกสุมพิสัย,ต.หัวขวาง อ.โกสุมพิสัย จ.มหาสารคาม,16:00 น.,29.6,16.243028983701493,103.06309282779694
เวียงสระ,ต.ทุ่งหลวง อ.เวียงสระ จ.สุราษฎร์ธานี,16:00 น.,29.6,8.571075394942238,99.25392687320709
สามชุก,ต.สามชุก อ.สามชุก จ.สุพรรณบุรี,16:00 น.,29.6,14.751368358666149,100.0958776473999
เขตยานนาวา,ต.ช่องนนทรี อ.ยานนาวา จ.กรุงเทพมหานคร,16:00 น.,29.5,13.696271174156355,100.54221868515015
อ.พระแสง,ต.อิปัน อ.พระแสง จ.สุราษฎร์ธานี,15:00 น.,29,8.567038643832321,99.25004839897156
กรุงเทพฯ ท่าเรือคลองเตย,ต.คลองเตย อ.คลองเตย จ.กรุงเทพมหานคร,16:00 น.,28.7,13.706944858531026,100.56805372238159
วัดบ้านดงผาปูน,ต.บ่อเกลือใต้ อ.บ่อเกลือ จ.น่าน,16:00 น.,28.6,19.073119982320907,101.19880735874176
บ้านสว้านเหนือ,ต.ดงพญา อ.บ่อเกลือ จ.น่าน,15:00 น.,28.5,19.23526274448346,101.19100213050842
บ้านบางกุ่ม,ต.กะปง อ.กะปง จ.พังงา,15:00 น.,28,8.665886890599657,98.45299780368805
บ้านร่อนนา,ต.ร่อนพิบูลย์ อ.ร่อนพิบูลย์ จ.นครศรีธรรมราช,15:00 น.,28,8.180556439111768,99.83599841594696
จุดวัดสวนเบญจสิริ,ต.คลองตัน อ.คลองเตย จ.กรุงเทพมหานคร,16:00 น.,28,13.731589418308944,100.56744754314423
ท้ายฝายวังยาง,ต.โนนศิลาเลิง อ.ฆ้องชัย จ.กาฬสินธุ์,16:00 น.,27.8,16.200173896124987,103.47352981567383
น้ำตกไทรคู่,ต.ทองมงคล อ.บางสะพาน จ.ประจวบคีรีขันธ์,16:00 น.,27.6,11.248086700351248,99.33547675609589
ทต.ตะเคียนทอง,ต.ตะเคียนทอง อ.เขาคิชฌกูฏ จ.จันทบุรี,16:00 น.,27.2,12.91309226798377,102.08152770996094
จุดวัดบึงหนองบอน,ต.หนองบอน อ.ประเวศ จ.กรุงเทพมหานคร,16:00 น.,27,13.695291339632558,100.65375030040741
หน่วยจัดการต้นน้ำขุนว้า,ต.ดงพญา อ.บ่อเกลือ จ.น่าน,16:00 น.,26.6,19.23685312903414,101.18393182754517
อบต.บ้านพราน,ต.บ้านพราน อ.แสวงหา จ.อ่างทอง,16:00 น.,26.4,14.702194679342027,100.29819667339325
ส.คลองแสนแสบ-คลองตัน,ต.คลองตันเหนือ อ.วัฒนา จ.กรุงเทพมหานคร,16:00 น.,25.5,13.741099472312527,100.59639930725098
เขตบางคอแหลม,ต.บางคอแหลม อ.บางคอแหลม จ.กรุงเทพมหานคร,16:00 น.,25.5,13.693107542756598,100.50229132175446
กรุงเทพมหานคร,ต.คลองเตย อ.คลองเตย จ.กรุงเทพมหานคร,16:00 น.,25.2,13.726388688255062,100.56000173091888
บ้านเคี่ยมงาม,ต.บ้านลำนาว อ.บางขัน จ.นครศรีธรรมราช,15:00 น.,25,7.955903727087473,99.44100022315979
บ้านกอตง,ต.เขาดิน อ.เขาพนม จ.กระบี่,15:00 น.,25,8.352292262736324,99.06564652919769
ส.พระราม 4,ต.คลองเตย อ.คลองเตย จ.กรุงเทพมหานคร,16:00 น.,25,13.70870117599708,100.55456757545471
บ้านไสยาง,ต.เขาเจียก อ.เมืองพัทลุง จ.พัทลุง,15:00 น.,25,7.629326107773751,100.02501368522644
เขตวัฒนา,ต.คลองตันเหนือ อ.วัฒนา จ.กรุงเทพมหานคร,16:00 น.,25,13.742480352164254,100.58570802211761
เหนือฝายวังยาง,ต.โนนศิลาเลิง อ.ฆ้องชัย จ.กาฬสินธุ์,16:00 น.,25,16.199401181722887,103.47294509410858
ชุมชนประแส,ต.ปากน้ำกระแส อ.แกลง จ.ระยอง,16:00 น.,24.8,12.716429896263426,101.70410335063934
เทศบาลตำบลหอไกร,ต.หอไกร อ.บางมูลนาก จ.พิจิตร,16:00 น.,24.6,16.050149118617867,100.37378668785095
บ้านยุบตาเหน่ง,ต.ป่ายุบใน อ.วังจันทร์ จ.ระยอง,15:00 น.,24.5,12.967637883327916,101.46662592887878
ภูเก็ต,ต.ตลาดใหญ่ อ.เมืองภูเก็ต จ.ภูเก็ต,13:00 น.,24.2,7.883335308018686,98.39999735355377
พระแสง สอท.,ต.ทุ่งหลวง อ.เวียงสระ จ.สุราษฎร์ธานี,13:00 น.,24.2,8.57022136880463,99.2582505941391
บ้านห้วยรางโพธิ์,ต.ยางน้ำกลัดใต้ อ.หนองหญ้าปล้อง จ.เพชรบุรี,15:00 น.,24,13.07559066073469,99.63082551956177
บ้านทับยาง,ต.คูหา อ.สะบ้าย้อย จ.สงขลา,15:00 น.,24,6.5898423567679805,100.81366896629333
บ้านเขาวง,ต.ปากแพรก อ.ดอนสัก จ.สุราษฎร์ธานี,15:00 น.,23.5,9.089844870002732,99.7559666633606
กาฬสินธุ์,ต.หลักเมือง อ.กมลาไสย จ.กาฬสินธุ์,16:00 น.,23.3,16.33250005128957,103.58833372592926
คลองนางน้อย,ต.นาโยงใต้ อ.เมืองตรัง จ.ตรัง,16:00 น.,23.2,7.568325941005462,99.65096890926361
บ้านนาจีนซิ้ว,ต.สวนแตง อ.ละแม จ.ชุมพร,15:00 น.,23,9.738941149965989,99.10099804401398
บ้านห้วยโป่ง,ต.ห้วยโป่ง อ.เมืองแม่ฮ่องสอน จ.แม่ฮ่องสอน,15:00 น.,22.5,19.02632812448323,97.98399746417999
ทต.บึงโขงหลง,ต.บึงโขงหลง อ.บึงโขงหลง จ.บึงกาฬ,16:00 น.,22.4,17.96806348758028,104.04946446418762
เหนือปตร.ชลมาร์คพิจารณ์,ต.สามชุก อ.สามชุก จ.สุพรรณบุรี,16:00 น.,21.8,14.771168549864766,100.08841037750244
อุ้มผาง,ต.อุ้มผาง อ.อุ้มผาง จ.ตาก,16:00 น.,21.7,16.024721491458873,98.86444330215454
อบต.ยะรม,ต.ยะรม อ.เบตง จ.ยะลา,16:00 น.,21.6,5.775851491085242,101.09238266944885
สะพานข้ามคลองวังเคียน,ต.วังอ่าง อ.ชะอวด จ.นครศรีธรรมราช,16:00 น.,21.6,7.954591467044247,99.89640176296234
เหนือปตร.มหาราช,ต.บ้านกล้วย อ.เมืองชัยนาท จ.ชัยนาท,16:00 น.,21.6,15.15896198073879,100.17328083515167
เขตบางแค,ต.บางแค อ.บางแค จ.กรุงเทพมหานคร,16:00 น.,21.5,13.696219055319158,100.40919184684753
บ้านชะรัด,ต.ชะรัด อ.กงหรา จ.พัทลุง,15:00 น.,21.5,7.471182196444906,99.97899770736694
ส.คลองดาวคะนอง,ต.บางปะกอก อ.ราษฎร์บูรณะ จ.กรุงเทพมหานคร,16:00 น.,21,13.694900446135362,100.48758208751678
ทต.ปัถวี,ต.ปัถวี อ.มะขาม จ.จันทบุรี,16:00 น.,20.8,12.742613659767224,102.23267555236816
รร.ภูคาวิทยาคม,ต.ภูคา อ.ปัว จ.น่าน,16:00 น.,20.8,19.227994391235004,101.06259405612946
เชียรใหญ่,ต.การะเกด อ.เชียรใหญ่ จ.นครศรีธรรมราช,16:00 น.,20.8,8.089487752082738,100.12787640094757
เหนือฝายร้อยเอ็ด,ต.พระธาตุ อ.เชียงขวัญ จ.ร้อยเอ็ด,16:00 น.,20.6,16.172606763465698,103.78898441791534
เทศบาลตำบลปะแต,ต.ปะแต อ.ยะหา จ.ยะลา,16:00 น.,20.6,6.413976567495056,101.13616168498993
อบต.หนองผักนาก,ต.หนองผักนาก อ.สามชุก จ.สุพรรณบุรี,16:00 น.,20.6,14.764492606315912,100.01941323280334
นครหลวง,ต.บ่อโพง อ.นครหลวง จ.พระนครศรีอยุธยา,16:00 น.,20.4,14.402707419832122,100.58640539646149
ท้ายปตร.มหาราช,ต.บ้านกล้วย อ.เมืองชัยนาท จ.ชัยนาท,16:00 น.,20.2,15.161468000788322,100.17264246940613
ชัยนาท สกษ.,ต.บางหลวง อ.สรรพยา จ.ชัยนาท,16:00 น.,20.2,15.149999092072333,100.18333375453949
หนองบัวลำภู,ต.ลำภู อ.เมืองหนองบัวลำภู จ.หนองบัวลำภู,13:00 น.,20,17.232500145913694,102.42944240570068
บ้านท่าหินส้ม,ต.เมืองปอน อ.ขุนยวม จ.แม่ฮ่องสอน,15:00 น.,20,18.657742144128566,97.92900145053864
บ้านบางอี,ต.โคกเคียน อ.ตะกั่วป่า จ.พังงา,15:00 น.,20,8.836122478098506,98.38800251483917
บ้านทุ่งข่า,ต.ปะเหลียน อ.ปะเหลียน จ.ตรัง,13:00 น.,20,7.357221126789315,99.82599914073944
บ้านกอไพล,ต.ท่าเคย อ.ท่าฉาง จ.สุราษฎร์ธานี,15:00 น.,20,9.280810527512653,99.04218256473541
ไร่ วงศ์ ทอง เมฆ ดี,ต.ที่วัง อ.ทุ่งสง จ.นครศรีธรรมราช,16:00 น.,19.8,8.090263163184026,99.73883271217346
บ้านวังสมบูรณ์,ต.เขาปูน อ.ห้วยยอด จ.ตรัง,15:00 น.,19.5,7.77448010965501,99.7040069103241
ท้ายปตร.ชลมาร์คพิจารณ์,ต.สามชุก อ.สามชุก จ.สุพรรณบุรี,16:00 น.,19.4,14.770597964353385,100.08824408054352
อบต.หนองลู,ต.หนองลู อ.สังขละบุรี จ.กาญจนบุรี,12:00 น.,19.2,15.195498260488131,98.46124291419983
อบต.สองพี่น้อง,ต.สองพี่น้อง อ.แก่งกระจาน จ.เพชรบุรี,16:00 น.,19.2,12.8723151314092,99.68350946903229
ฝายคลองท่าเลา,ต.นาหลวงเสน อ.ทุ่งสง จ.นครศรีธรรมราช,16:00 น.,19,8.232626560423926,99.70778346061707
ทต.อุ้มผาง,ต.อุ้มผาง อ.อุ้มผาง จ.ตาก,16:00 น.,18.8,16.01774533982819,98.86514604091644
ปตร.จุฬาลงกรณ์,ต.ประชาธิปัตย์ อ.ธัญบุรี จ.ปทุมธานี,16:00 น.,18.8,13.98135353549452,100.60566365718842
ทต.นาหนองไผ่,ต.นาหนองไผ่ อ.ชุมพลบุรี จ.สุรินทร์,16:00 น.,18.6,15.35050882602591,103.476083278656
เหนือปตร.บรมธาตุ,ต.ชัยนาท อ.เมืองชัยนาท จ.ชัยนาท,16:00 น.,18.6,15.158133538428023,100.153529047966
นางรอง,ต.สะเดา อ.นางรอง จ.บุรีรัมย์,16:00 น.,18.6,14.583334258384767,102.80000030994415
บ้านแม่ออ,ต.แม่ยวมน้อย อ.ขุนยวม จ.แม่ฮ่องสอน,15:00 น.,18.5,18.773903460849493,98.03800106048584
สงขลา,ต.บ่อยาง อ.เมืองสงขลา จ.สงขลา,13:00 น.,18.2,7.18211329154937,100.60769140720367
บ้านละแอ,ต.ละแอ อ.ยะหา จ.ยะลา,15:00 น.,18,6.4734172932525755,101.16557478904724
ทต.สว่างอารมณ์,ต.สว่างอารมณ์ อ.สว่างอารมณ์ จ.อุทัยธานี,16:00 น.,18,15.58535091392613,99.86512184143066
บ้านพรุตู,ต.เกาะสะบ้า อ.เทพา จ.สงขลา,15:00 น.,18,6.800201219443361,100.88830947875977
ท้ายฝายร้อยเอ็ด,ต.พระธาตุ อ.เชียงขวัญ จ.ร้อยเอ็ด,16:00 น.,17.8,16.17223065723458,103.7897515296936
ปะเหลียน,ต.ท่าพญา อ.ปะเหลียน จ.ตรัง,16:00 น.,17.8,7.371984583452164,99.67727601528168
ปตร.คลองรางจาก-ถ.ประชาอุทิศ,ต.ทุ่งครุ อ.ทุ่งครุ จ.กรุงเทพมหานคร,16:00 น.,17.5,13.634940227719044,100.50217866897583
บ้านปางยาง,ต.ศิลาเพชร อ.ปัว จ.น่าน,15:00 น.,17.5,19.126376035958444,100.99800109863281
คลองบางบาล,ต.ไทรน้อย อ.บางบาล จ.พระนครศรีอยุธยา,16:00 น.,17.4,14.423053329704157,100.48184216022491
ท้ายปตร.ท่าโบสถ์,ต.สามง่ามท่าโบสถ์ อ.หันคา จ.ชัยนาท,16:00 น.,17.2,15.05348552825705,100.01179575920105
อบต.หนองกุงธนสาร,ต.หนองกุงธนสาร อ.ภูเวียง จ.ขอนแก่น,16:00 น.,17,16.638710399668604,102.42059648036957
จุดวัด ค.สนามชัย-ค.บางขุนเทียน,ต.บางขุนเทียน อ.จอมทอง จ.กรุงเทพมหานคร,16:00 น.,17,13.701227618068035,100.46491205692291
บ้านเจ็ดลูกเนิน,ต.ชากบก อ.บ้านค่าย จ.ระยอง,15:00 น.,17,12.777536829646762,101.39900207519531
สะพานน้ำขว้าง บ้านร้องแง,ต.วรนคร อ.ปัว จ.น่าน,16:00 น.,17,19.175875693156694,100.92988908290863
ตลาดเก่าตะกั่วป่า,ต.โคกเคียน อ.ตะกั่วป่า จ.พังงา,16:00 น.,16.8,8.829422267219035,98.36930751800537
ทต.ทองแสนขัน,ต.ป่าคาย อ.ทองแสนขัน จ.อุตรดิตถ์,16:00 น.,16.8,17.467902291373296,100.33246457576752
เมืองสมุทรสาคร,ต.ท่าจีน อ.เมืองสมุทรสาคร จ.สมุทรสาคร,16:00 น.,16.8,13.585878599176642,100.23047089576721
โครงการผลิตน้ำคลองหลวงแพ่ง,ต.บางเตย อ.เมืองฉะเชิงเทรา จ.ฉะเชิงเทรา,16:00 น.,16.8,13.78572642959132,100.93855798244476
โกสุมพิสัย,ต.หัวขวาง อ.โกสุมพิสัย จ.มหาสารคาม,16:00 น.,16.6,16.250986022836422,103.07402014732361
ทต.บ่อเกลือใต้,ต.บ่อเกลือใต้ อ.บ่อเกลือ จ.น่าน,16:00 น.,16.6,19.079867913814528,101.15381062030792
บ้านดอนสถาน1,ต.สถาน อ.ปัว จ.น่าน,15:00 น.,16.5,19.207783131462932,100.93599915504456
บ้านดูลาเปอร์,ต.ห้วยห้อม อ.แม่ลาน้อย จ.แม่ฮ่องสอน,15:00 น.,16.5,18.40742838656546,98.07999908924103
บ้านนางหล่อ,ต.เกาะเต่า อ.ป่าพะยอม จ.พัทลุง,15:00 น.,16.5,7.799306250466719,99.83051061630249
สะพานกรุงเทพ,ต.ดาวคะนอง อ.ธนบุรี จ.กรุงเทพมหานคร,16:00 น.,16.4,13.700372886710001,100.4928070306778
คลองภาษีเจริญ เพชรเกษม69,ต.หลักสอง อ.บางแค จ.กรุงเทพมหานคร,16:00 น.,16.4,13.691580437197207,100.38124322891235
เหนือปตร.ท่าโบสถ์,ต.สามง่ามท่าโบสถ์ อ.หันคา จ.ชัยนาท,16:00 น.,16.4,15.054190051370407,100.01159191131592
สุรินทร์,ต.ในเมือง อ.เมืองสุรินทร์ จ.สุรินทร์,16:00 น.,16.3,14.88333203516152,103.49999785423279
เขตบางกอกน้อย,ต.ศิริราช อ.บางกอกน้อย จ.กรุงเทพมหานคร,16:00 น.,16,13.770778780041644,100.4680609703064
บ้านปงป่าป๋อ,ต.เสริมขวา อ.เสริมงาม จ.ลำปาง,15:00 น.,16,18.130481745871737,99.20699894428253
เขตบางรัก,ต.สี่พระยา อ.บางรัก จ.กรุงเทพมหานคร,16:00 น.,16,13.73067226346534,100.52381873130798
บ้านทุ่งไพล,ต.เขาแดง อ.สะบ้าย้อย จ.สงขลา,15:00 น.,16,6.547667051306155,100.83695590496063
บ้านขุนแม่ละอุปหมู่ที่ 3,ต.แจ่มหลวง อ.กัลยาณิวัฒนา จ.เชียงใหม่,16:00 น.,16,19.04022812437173,98.20028007030487
อบต.ปากฉลุย,ต.ปากฉลุย อ.ท่าฉาง จ.สุราษฎร์ธานี,16:00 น.,15.8,9.300589087646006,99.02604103088379
บางปะกง,ต.ท่าสะอ้าน อ.บางปะกง จ.ฉะเชิงเทรา,16:00 น.,15.6,13.548937509988422,101.00112855434418
ท้ายปตร.บรมธาตุ,ต.ชัยนาท อ.เมืองชัยนาท จ.ชัยนาท,16:00 น.,15.6,15.15780733763261,100.1528263092041
บ้านตลิ่งสูง,ต.แม่เล่ย์ อ.แม่วงก์ จ.นครสวรรค์,15:00 น.,15.5,15.912501235632266,99.41900074481964
บ้านวังยายมุก,ต.คลองพลู อ.เขาคิชฌกูฏ จ.จันทบุรี,15:00 น.,15.5,12.927167674091777,102.01600134372711
สะพานต้นน้ำ (เกาะแก้ว-ตลิ่งสูง),ต.ปางมะค่า อ.ขาณุวรลักษบุรี จ.กำแพงเพชร,16:00 น.,14.8,15.914379051524248,99.41934943199158
อโศก,ต.คลองเตยเหนือ อ.วัฒนา จ.กรุงเทพมหานคร,16:00 น.,14.8,13.743095232095673,100.56136429309845
หนองบัว,ต.หนองบัว อ.บ้านค่าย จ.ระยอง,16:00 น.,14.6,12.849209674736244,101.30127847194672
เขตบางกอกใหญ่,ต.วัดท่าพระ อ.บางกอกใหญ่ จ.กรุงเทพมหานคร,16:00 น.,14.5,13.723319266107016,100.4762202501297
บ้านลูโบ๊ะปันยัง,ต.กาบัง อ.กาบัง จ.ยะลา,15:00 น.,14.5,6.479680257906645,100.98287343978882
เหนือฝายหนองหวาย,ต.น้ำพอง อ.น้ำพอง จ.ขอนแก่น,16:00 น.,14.2,16.724546470971276,102.80351400375366
อบต.ชัยบุรี,ต.ชัยบุรี อ.ชัยบุรี จ.สุราษฎร์ธานี,16:00 น.,14,8.450633494145993,99.08304333686829
ท้ายฝายยางกะฮาด,ต.กะฮาด อ.เนินสง่า จ.ชัยภูมิ,16:00 น.,14,15.638416108522208,102.04003393650055
บ้านนากล่ำ,ต.น้ำไคร้ อ.น้ำปาด จ.อุตรดิตถ์,15:00 น.,14,17.584753226862645,100.49200236797333
อ่างเก็บน้ำคูขาด,ต.ประทัดบุ อ.ประโคนชัย จ.บุรีรัมย์,16:00 น.,13.8,14.559950097892262,102.95146465301514
หน่วยพิทักษ์อุทยานแห่งชาติที่ ศล.๕ (แม่ระงอง),ต.น้ำแพร่ อ.พร้าว จ.เชียงใหม่,16:00 น.,13.6,19.32973215639124,99.1340321302414
เขตดุสิต,ต.ดุสิต อ.ดุสิต จ.กรุงเทพมหานคร,16:00 น.,13.5,13.776931971892264,100.52032113075256
บ้านกกเชียง,ต.ห้วยขมิ้น อ.ด่านช้าง จ.สุพรรณบุรี,15:00 น.,13.5,14.92722945263731,99.50899958610535
ส.คลองสามเสน,ต.ถนนนครไชยศรี อ.ดุสิต จ.กรุงเทพมหานคร,16:00 น.,13.5,13.784830327469262,100.50825119018555
บ้านเหล้า,ต.เกาะแต้ว อ.เมืองสงขลา จ.สงขลา,15:00 น.,13.5,7.129908912817271,100.62500238418579
เหนือฝายยางกะฮาด,ต.กะฮาด อ.เนินสง่า จ.ชัยภูมิ,16:00 น.,13.4,15.63914965659352,102.03934729099274
หมู่บ้านเศรษฐกิจ ซอย 26,ต.บางแคเหนือ อ.บางแค จ.กรุงเทพมหานคร,16:00 น.,13,13.721672495846231,100.37675857543945
เขตสาทร,ต.ทุ่งวัดดอน อ.สาทร จ.กรุงเทพมหานคร,16:00 น.,13,13.708211283960187,100.52640974521637
เขตประเวศ,ต.ประเวศ อ.ประเวศ จ.กรุงเทพมหานคร,16:00 น.,13,13.717008322963965,100.69471836090088
บ้านบ่อน้ำร้อน,ต.ตาเนาะแมเราะ อ.เบตง จ.ยะลา,15:00 น.,13,5.849921403973601,101.07286155223846
อบต.หนองแหน,ต.หนองแหน อ.พนมสารคาม จ.ฉะเชิงเทรา,16:00 น.,13,13.683340149419667,101.32511258125305
บ้านคลองตูกเหนือ,ต.กะปาง อ.ทุ่งสง จ.นครศรีธรรมราช,15:00 น.,13,8.018010777888575,99.72309350967407
สะพานห้วยน้ำใส,ต.เกาะขันธ์ อ.ชะอวด จ.นครศรีธรรมราช,16:00 น.,12.8,7.889541687744992,99.8742413520813
วัดเนินสวรรค์มงคลธรรม,ต.หนองตาแต้ม อ.ปราณบุรี จ.ประจวบคีรีขันธ์,16:00 น.,12.8,12.416475475756828,99.81775939464569
ยางตลาด,ต.ดอนสมบูรณ์ อ.ยางตลาด จ.กาฬสินธุ์,16:00 น.,12.6,16.411046988475636,103.467076420784
อบต.บางขวัญ,ต.บางขวัญ อ.เมืองฉะเชิงเทรา จ.ฉะเชิงเทรา,16:00 น.,12.6,13.749848381629237,101.07749104499817
วัดเวฬุวัน,ต.เหนือเมือง อ.เมืองร้อยเอ็ด จ.ร้อยเอ็ด,16:00 น.,12.6,16.054737294782516,103.66430461406708
บ้านบางสาว,ต.เขาวง อ.บ้านตาขุน จ.สุราษฎร์ธานี,15:00 น.,12.5,8.924761553414536,98.90944004058838
บ้านซับป่าพลู,ต.ป่าอ้อ อ.ลานสัก จ.อุทัยธานี,15:00 น.,12.5,15.417763003023078,99.50999736785889
เขตสวนหลวง,ต.สวนหลวง อ.สวนหลวง จ.กรุงเทพมหานคร,16:00 น.,12.5,13.73043255223035,100.65154016017914
บ้านสกาดกลาง,ต.สกาด อ.ปัว จ.น่าน,15:00 น.,12.5,19.265406516343234,101.00500166416168
บ้านกะเหรี่ยงน้ำตก,ต.คลองลานพัฒนา อ.คลองลาน จ.กำแพงเพชร,15:00 น.,12.5,16.1269381467577,99.30700242519379
บ้านหุบเฉลา ,ต.เขากระปุก อ.ท่ายาง จ.เพชรบุรี,15:00 น.,12.5,12.66132215461291,99.65457916259766
บ้านตลาดเทพา*,ต.เทพา อ.เทพา จ.สงขลา,15:00 น.,12.5,6.825204003397384,100.97258448600769
หน่วยจัดการต้นน้ำน้ำกอนฝั่งซ้าย,ต.พญาแก้ว อ.เชียงกลาง จ.น่าน,16:00 น.,12.2,19.31079909704214,101.01179301738739
บ้านแม่จอ,ต.แม่โถ อ.แม่ลาน้อย จ.แม่ฮ่องสอน,15:00 น.,12,18.6458283479258,98.03899884223938
ส.เทเวศร์,ต.วัดสามพระยา อ.พระนคร จ.กรุงเทพมหานคร,16:00 น.,12,13.771909395564625,100.50110042095184
บ้านก้อ,ต.แม่จริม อ.แม่จริม จ.น่าน,15:00 น.,12,18.792999453352973,101.02999985218048
เขตพญาไท,ต.สามเสนใน อ.พญาไท จ.กรุงเทพมหานคร,16:00 น.,12,13.780031951434559,100.54286777973175
บ้านทุ่งยูง,ต.เขาปู่ อ.ศรีบรรพต จ.พัทลุง,15:00 น.,12,7.757109973464506,99.80699837207794
ที่ทำการเขตรักษาพันธุ์สัตว์ป่าถ้ำเจ้าราม,ต.นาขุนไกร อ.ศรีสำโรง จ.สุโขทัย,16:00 น.,12,17.243807610319852,99.48649048805237
ปตร.หันตรา,ต.บ้านเกาะ อ.พระนครศรีอยุธยา จ.พระนครศรีอยุธยา,16:00 น.,12,14.374549484720236,100.58435618877411
บ้านปากคะยาง,ต.บ้านแก่ง อ.ศรีสัชนาลัย จ.สุโขทัย,15:00 น.,12,17.46932482276264,99.65100109577179
บ้านพิตำ,ต.กรุงชิง อ.นบพิตำ จ.นครศรีธรรมราช,15:00 น.,12,8.740272470736423,99.65399980545044
บ้านแสนขัน*,ต.บ่อทอง อ.ทองแสนขัน จ.อุตรดิตถ์,15:00 น.,12,17.460830406556504,100.34700214862823
ส.คลองสนามชัย,ต.ท่าข้าม อ.บางขุนเทียน จ.กรุงเทพมหานคร,16:00 น.,12,13.638021230100307,100.44762790203094
ส.คลองบางไส้ไก่,ต.สำเหร่ อ.ธนบุรี จ.กรุงเทพมหานคร,16:00 น.,12,13.706918800295956,100.49737215042114
ทต.ชุมพร,ต.ชุมพร อ.เมยวดี จ.ร้อยเอ็ด,16:00 น.,12,16.368166885214062,104.05778467655182
ส.คลองสำเหร่,ต.สำเหร่ อ.ธนบุรี จ.กรุงเทพมหานคร,16:00 น.,12,13.706699911121369,100.49646019935608
ร้อยเอ็ด,ต.หนองไผ่ อ.ธวัชบุรี จ.ร้อยเอ็ด,16:00 น.,11.6,16.019998565032548,103.74389111995697
ทต.บ้านนา,ต.บ้านนา อ.แกลง จ.ระยอง,16:00 น.,11.6,12.826844831138816,101.66963696479797
หน่วยจัดการต้นน้ำแม่จริม,ต.แม่จริม อ.แม่จริม จ.น่าน,16:00 น.,11.6,18.82128902813903,100.99951922893524
บ้านกระบกเตี้ย,ต.วังเย็น อ.สนามชัยเขต จ.ฉะเชิงเทรา,15:00 น.,11.5,13.68259480777081,101.52891755104065
บ้านตามูล,ต.ทรายขาว อ.สอยดาว จ.จันทบุรี,15:00 น.,11.5,13.081176476715976,102.26099967956543
บ้านโคกแมว,ต.โคกม่วง อ.เขาชัยสน จ.พัทลุง,15:00 น.,11.5,7.387151859597437,100.07200062274933
บ้านไร่,ต.ทุ่งหวัง อ.เมืองสงขลา จ.สงขลา,15:00 น.,11.5,7.047374699060156,100.63000202178955
จุดวัด ค.บางเชือกหนัง-วัดปากน้ำฝั่งใต้,ต.บางแวก อ.ภาษีเจริญ จ.กรุงเทพมหานคร,16:00 น.,11.5,13.743569418122911,100.4595422744751
หน่วยอนุรักษ์และจัดการต้นน้ำคลองอุดม,ต.วังทอง อ.วังสมบูรณ์ จ.สระแก้ว,16:00 น.,11.4,13.35167215032304,101.99859380722046
ทต.คลองลานพัฒนา,ต.คลองลานพัฒนา อ.คลองลาน จ.กำแพงเพชร,16:00 น.,11.4,16.12253200886646,99.32931303977966
อู่ทอง สกษ.,ต.จรเข้สามพัน อ.อู่ทอง จ.สุพรรณบุรี,13:00 น.,11.4,14.303611535166356,99.86471951007843
อบต.กาบัง,ต.กาบัง อ.กาบัง จ.ยะลา,16:00 น.,11.4,6.4801972823669125,100.98261058330536
หน่วยพิทักษ์อุทยานฯ ที่ บล.๒ (น้ำตกฮาลาซะห์),ต.แม่หวาด อ.ธารโต จ.ยะลา,16:00 น.,11.2,6.058383754154758,101.40902280807495
เขตหนองแขม,ต.หนองค้างพลู อ.หนองแขม จ.กรุงเทพมหานคร,16:00 น.,11,13.70574096641334,100.34930884838104
บ้านน้ำเชี่ยว,ต.เขาแดง อ.สะบ้าย้อย จ.สงขลา,15:00 น.,11,6.466829103543834,100.83350121974945
บ้านด่าน,ต.ปากแจ่ม อ.ห้วยยอด จ.ตรัง,15:00 น.,11,7.685097065610725,99.76223230361938
บ้านหนองนกปีกกา,ต.โป่งแดง อ.เมืองตาก จ.ตาก,15:00 น.,11,17.130706983597143,99.25099790096283
ส.คลองภาษีเจริญ,ต.ปากคลองภาษีเจริญ อ.ภาษีเจริญ จ.กรุงเทพมหานคร,16:00 น.,11,13.722042499656103,100.46862959861755
เก้าเลี้ยว,ต.หัวดง อ.เก้าเลี้ยว จ.นครสวรรค์,16:00 น.,10.8,15.850513125789112,100.05207180976868
ร้อยเอ็ด สกษ.,ต.เหนือเมือง อ.เมืองร้อยเอ็ด จ.ร้อยเอ็ด,13:00 น.,10.8,16.073222964129393,103.60844492912292
อบต.ห้วยคต,ต.ห้วยคต อ.ห้วยคต จ.อุทัยธานี,16:00 น.,10.8,15.30362030898728,99.60949122905731
หน่วยบริการประปาศรีสาคร (กปภ.สาขารือเสาะ),ต.ศรีสาคร อ.ศรีสาคร จ.นราธิวาส,16:00 น.,10.6,6.222670471267171,101.50230467319489
เขตบางพลัด,ต.บางอ้อ อ.บางพลัด จ.กรุงเทพมหานคร,16:00 น.,10.5,13.794291329963992,100.50479114055634
บ้านซอย 8,ต.ควนกาหลง อ.ควนกาหลง จ.สตูล,15:00 น.,10.5,6.881953444932882,99.99722063541412
บ้านนาฟองแดง,ต.นครชุม อ.นครไทย จ.พิษณุโลก,15:00 น.,10.5,17.258823387169734,100.79599857330322
บ้านห้วยไผ่,ต.ห้วยแม่เพรียง อ.แก่งกระจาน จ.เพชรบุรี,15:00 น.,10.5,12.76039237917562,99.61230754852295
จุดวัด ค.ภาษีฯ-ราชมนตรี,ต.บางแค อ.บางแค จ.กรุงเทพมหานคร,16:00 น.,10.5,13.707538985313812,100.42621850967407
อบต.หนองโพนงาม,ต.หนองโพนงาม อ.เกษตรสมบูรณ์ จ.ชัยภูมิ,16:00 น.,10.4,16.43049225458,101.96632146835327
อบต.นาโส่,ต.นาโส่ อ.กุดชุม จ.ยโสธร,16:00 น.,10.2,15.982964070441984,104.31136071681976
บ้านแม่โถใต้,ต.แม่โถ อ.แม่ลาน้อย จ.แม่ฮ่องสอน,15:00 น.,10,18.608485587683262,97.98299968242645
บ้านหน้าซึง,ต.ปากฉลุย อ.ท่าฉาง จ.สุราษฎร์ธานี,15:00 น.,10,9.305713543283282,98.94960880279541
บ้านวังนาใน,ต.ทุ่งหว้า อ.ทุ่งหว้า จ.สตูล,15:00 น.,10,7.135641679451501,99.93699967861176
เขตพระนคร,ต.วัดสามพระยา อ.พระนคร จ.กรุงเทพมหานคร,09:00 น.,10,13.764901576096161,100.49871861934662
จุดวัด ค.สามเสน-รพ.พระมงกุฎฯ,ต.สามเสนใน อ.พญาไท จ.กรุงเทพมหานคร,16:00 น.,10,13.768981246851839,100.53476750850677
บ้านห้วยรวก,ต.หนองฝ้าย อ.เลาขวัญ จ.กาญจนบุรี,15:00 น.,10,14.66694447842582,99.61799919605255
ลำพะเนียง อ.เมือง,ต.หนองบัว อ.เมืองหนองบัวลำภู จ.หนองบัวลำภู,15:00 น.,10,17.18161055479842,102.43849754333496
เขื่อนอุบลรัตน์,ต.เขื่อนอุบลรัตน์ อ.อุบลรัตน์ จ.ขอนแก่น,15:00 น.,10,16.772498990998876,102.62082874774933
บ้านไอร์เจี๊ยะ,ต.ซากอ อ.ศรีสาคร จ.นราธิวาส,15:00 น.,10,6.207125095303059,101.53869152069092
ลำน้ำพอง (เหนือฝายหนองหวาย),ต.กุดน้ำใส อ.น้ำพอง จ.ขอนแก่น,15:00 น.,10,16.725039669768492,102.81072914600372
บ้านหนองบาง,ต.ลิ่นถิ่น อ.ทองผาภูมิ จ.กาญจนบุรี,15:00 น.,10,14.576704498692886,98.82100224494934
บ้านปูโป,ต.สามัคคี อ.รือเสาะ จ.นราธิวาส,15:00 น.,10,6.4180333210023655,101.5499997138977
ปตร.คลองอรชร,ต.ปทุมวัน อ.ปทุมวัน จ.กรุงเทพมหานคร,16:00 น.,10,13.74807152973372,100.53617835044861
ชุมชนบ้านโคกพะยอม,ต.ละงู อ.ละงู จ.สตูล,16:00 น.,9.8,6.818721728450893,99.8093318939209
ทต.อัคคะคำ,ต.อัคคะคำ อ.โพธิ์ชัย จ.ร้อยเอ็ด,16:00 น.,9.6,16.38087441958714,103.75480234622955
อบต.กะลาเส,ต.กะลาเส อ.สิเกา จ.ตรัง,16:00 น.,9.6,7.703953331556081,99.31808531284332
จุดวัด ค.ประเวศฯ-วัดขจรศิริ,ต.สวนหลวง อ.สวนหลวง จ.กรุงเทพมหานคร,16:00 น.,9.5,13.715450104194547,100.64149796962738
จุดวัด ค.บางเชือกหนัง-ถ.พุทธมณฑลสาย 1,ต.คลองขวาง อ.ภาษีเจริญ จ.กรุงเทพมหานคร,16:00 น.,9.5,13.742230231514187,100.42765080928802
บ้านทุ่งกร่าง,ต.ทับไทร อ.โป่งน้ำร้อน จ.จันทบุรี,15:00 น.,9.5,13.01652167577614,102.27063417434692
บ้านทับชัน,ต.คันธุลี อ.ท่าชนะ จ.สุราษฎร์ธานี,15:00 น.,9.5,9.659165017254088,99.11799788475037
บ้านห้วยผึ้ง,ต.หมอกจำแป่ อ.เมืองแม่ฮ่องสอน จ.แม่ฮ่องสอน,15:00 น.,9.5,19.559254320075805,98.00600230693817
ศูนย์ฯ (ดินแดง),ต.ดินแดง อ.ดินแดง จ.กรุงเทพมหานคร,16:00 น.,9.5,13.769017718622374,100.55451929569244
เขตธนบุรี,ต.บางยี่เรือ อ.ธนบุรี จ.กรุงเทพมหานคร,16:00 น.,9.5,13.7249712350066,100.48558115959167
บ้านรวมไทยพัฒนาที่ 8,ต.รวมไทยพัฒนา อ.พบพระ จ.ตาก,15:00 น.,9.5,16.43512301829699,98.81999909877777
ส.คลองสาทร,ต.ยานนาวา อ.สาทร จ.กรุงเทพมหานคร,16:00 น.,9.5,13.71838934466592,100.51496207714081
บ้านปางสา,ต.ผาทอง อ.ท่าวังผา จ.น่าน,15:00 น.,9.5,19.230947357099716,100.75199961662292
ศูนย์เรียนรู้ชุมชนบ้านนาซัว หมู่ที่ 2,ต.ถ้ำทะลุ อ.บันนังสตา จ.ยะลา,16:00 น.,9.4,6.272007322655247,101.15672886371613
หัวหิน,ต.ทับใต้ อ.หัวหิน จ.ประจวบคีรีขันธ์,16:00 น.,9.4,12.508496981570158,99.84200119972229
บ้านห้วยครก,ต.เขาปู่ อ.ศรีบรรพต จ.พัทลุง,15:00 น.,9,7.6613009315370615,99.83799934387207
บ้านดอยมด,ต.แม่เจดีย์ใหม่ อ.เวียงป่าเป้า จ.เชียงราย,15:00 น.,9,19.053498215590984,99.46399748325348
บ้านปางเหนือ,ต.ปางตาไว อ.ปางศิลาทอง จ.กำแพงเพชร,15:00 น.,9,16.062207031352894,99.3150007724762
บ้านโป่งน้ำร้อน,ต.โป่งน้ำร้อน อ.คลองลาน จ.กำแพงเพชร,15:00 น.,9,16.32846402323232,99.29800093173981
เขตป้อมปราบฯ,ต.วัดโสมนัส อ.ป้อมปราบศัตรูพ่าย จ.กรุงเทพมหานคร,16:00 น.,9,13.758258281482865,100.51304161548615
อบต.แม่ปะ,ต.แม่ปะ อ.เถิน จ.ลำปาง,16:00 น.,9,17.651807535029764,99.2676329612732
บ้านมาบตอง,ต.หนองละลอก อ.บ้านค่าย จ.ระยอง,15:00 น.,9,12.805372502308906,101.23583793640137
บ้านห้วยน้ำอุ่น,ต.บ่อทอง อ.ทองแสนขัน จ.อุตรดิตถ์,15:00 น.,9,17.41133488006991,100.52100241184235
เขตคลองสาน,ต.คลองสาน อ.คลองสาน จ.กรุงเทพมหานคร,16:00 น.,9,13.730437763344154,100.50946891307831
นครศรีธรรมราช สกษ.,ต.ท่าเรือ อ.เมืองนครศรีธรรมราช จ.นครศรีธรรมราช,13:00 น.,8.8,8.359303435137559,99.99999940395355
ทต.ทัพทัน,ต.ทัพทัน อ.ทัพทัน จ.อุทัยธานี,16:00 น.,8.8,15.457609747080161,99.89484071731567
ตรัง,ต.โคกหล่อ อ.เมืองตรัง จ.ตรัง,16:00 น.,8.8,7.516666852969395,99.61666882038116
บ้านทับคริสต์,ต.คลองชะอุ่น อ.พนม จ.สุราษฎร์ธานี,16:00 น.,8.8,8.725807999214425,98.8210129737854
เปร็ดใน,ต.ห้วงน้ำขาว อ.เมืองตราด จ.ตราด,16:00 น.,8.6,12.142046862537208,102.52979457378387
สะพานคลองพาย,ต.น้ำหัก อ.คีรีรัฐนิคม จ.สุราษฎร์ธานี,16:00 น.,8.6,9.155654662599833,98.89499366283417
เหนือปตร.พระอินทราชา,ต.วังน้อย อ.วังน้อย จ.พระนครศรีอยุธยา,16:00 น.,8.6,14.144081960208693,100.6214028596878
บ้านแม่สุริน,ต.ขุนยวม อ.ขุนยวม จ.แม่ฮ่องสอน,15:00 น.,8.5,18.91611649372713,97.94400036334991
บ้านดงลาน,ต.วังจันทร์ อ.สามเงา จ.ตาก,15:00 น.,8.5,17.277751460357504,99.13699865341187
บ้านกล้อทอ,ต.แม่จัน อ.อุ้มผาง จ.ตาก,15:00 น.,8.5,16.030454848000563,98.6659973859787
บ้านปางสุด,ต.แม่เล่ย์ อ.แม่วงก์ จ.นครสวรรค์,15:00 น.,8.5,15.850188016996924,99.4299978017807
บ้านทุ่งหลุก,ต.เชียงดาว อ.เชียงดาว จ.เชียงใหม่,15:00 น.,8.5,19.347848128515196,99.0350478887558
จุดวัดบึงมักกะสัน,ต.มักกะสัน อ.ราชเทวี จ.กรุงเทพมหานคร,16:00 น.,8.5,13.756648231381169,100.5483877658844
เขตตลิ่งชัน,ต.คลองชักพระ อ.ตลิ่งชัน จ.กรุงเทพมหานคร,16:00 น.,8.5,13.776629786973954,100.45652747154236
ส.คลองสามเสน-แสนแสบ,ต.บางกะปิ อ.ห้วยขวาง จ.กรุงเทพมหานคร,16:00 น.,8.5,13.7484206485213,100.59919953346252
บ้านป่าไผ่,ต.กาหลง อ.ศรีสาคร จ.นราธิวาส,15:00 น.,8.5,6.244619865181592,101.4401525259018
บ้านนอก,ต.กงหรา อ.กงหรา จ.พัทลุง,15:00 น.,8.5,7.468714231177946,99.92200076580048
บ้านบึงเหนือ,ต.บ้านคา อ.บ้านคา จ.ราชบุรี,15:00 น.,8.5,13.45423806400851,99.37399864196777
ระยอง,ต.ตะพง อ.เมืองระยอง จ.ระยอง,16:00 น.,8.5,12.63221962281299,101.34360909461975
ท้ายปตร.โพธิ์พระยา,ต.โพธิ์พระยา อ.เมืองสุพรรณบุรี จ.สุพรรณบุรี,16:00 น.,8.2,14.531796517631468,100.12243688106537
เทศบาลตำบลเหนือ,ต.เหนือ อ.เมืองกาฬสินธุ์ จ.กาฬสินธุ์,16:00 น.,8.2,16.42524392225359,103.55971992015839
รพสต.บ้านเขาปู่,ต.เขาปู่ อ.ศรีบรรพต จ.พัทลุง,16:00 น.,8.2,7.709508513720968,99.8380047082901
ทต.กรอกสมบูรณ์,ต.กรอกสมบูรณ์ อ.ศรีมหาโพธิ จ.ปราจีนบุรี,16:00 น.,8.2,13.774894819363645,101.65848433971405
บ้านนาส้อง,ต.คลองใหญ่ อ.ตะโหมด จ.พัทลุง,15:00 น.,8,7.277878446450891,100.05299985408783
อบต.นาโป่ง,ต.นาโป่ง อ.เถิน จ.ลำปาง,16:00 น.,8,17.644318526590926,99.16272103786469
ส.กรุงเกษม,ต.บางรัก อ.บางรัก จ.กรุงเทพมหานคร,16:00 น.,8,13.730422130002742,100.5139696598053
บ้านทอนผักกูด,ต.นบพิตำ อ.นบพิตำ จ.นครศรีธรรมราช,15:00 น.,8,8.721698672075876,99.79300260543823
ที่ทำการอุทยานแห่งชาติถ้ำสะเกิน,ต.ยอด อ.สองแคว จ.น่าน,16:00 น.,8,19.38371981512924,100.53888738155365
บ้านตีนตก,ต.ศิลาแลง อ.ปัว จ.น่าน,15:00 น.,8,19.144362426255135,100.94500064849854
บ้านแม่ปะ,ต.สะเมิงเหนือ อ.สะเมิง จ.เชียงใหม่,15:00 น.,8,18.955121223667778,98.74700009822845
บ้านน้ำพิ,ต.ทุ่งช้าง อ.ทุ่งช้าง จ.น่าน,15:00 น.,8,19.39553023549864,100.829998254776
อบต.ขุนทะเล,ต.ขุนทะเล อ.ลานสกา จ.นครศรีธรรมราช,16:00 น.,8,8.338826849818888,99.85211312770844
บ้านทุ่งลัง,ต.สะท้อน อ.นาทวี จ.สงขลา,15:00 น.,8,6.547064825729004,100.734001994133
โรงสูบน้ำประปา,ต.เขาวง อ.บ้านตาขุน จ.สุราษฎร์ธานี,15:00 น.,8,8.90682770501497,98.88256967067719
ชุมชนโกรกประดู่,ต.โคกกลาง อ.ลำปลายมาศ จ.บุรีรัมย์,16:00 น.,7.8,14.935211723690317,102.88858294487
เหนือปตร.โพธิ์พระยา,ต.โพธิ์พระยา อ.เมืองสุพรรณบุรี จ.สุพรรณบุรี,16:00 น.,7.8,14.532450808929534,100.1222437620163
สะพานคง-ศุข ศรีสวัสดิ์,ต.หาดท่าเสา อ.เมืองชัยนาท จ.ชัยนาท,16:00 น.,7.8,15.225014662574008,100.07823944091797
ท้ายปตร.พระอินทราชา,ต.พยอม อ.วังน้อย จ.พระนครศรีอยุธยา,16:00 น.,7.8,14.143728238074537,100.62076985836029
ฟิวเจอร์ฯรังสิต,ต.รังสิต อ.ธัญบุรี จ.ปทุมธานี,16:00 น.,7.6,13.986152951544787,100.62624156475067
ทต.เกาะช้าง,ต.เกาะช้าง อ.เกาะช้าง จ.ตราด,16:00 น.,7.6,12.10338750337159,102.35199630260468
หน่วยจัดการต้นน้ำคลองป่าพรุพ้อ,ต.ทุ่งนารี อ.ป่าบอน จ.พัทลุง,16:00 น.,7.6,7.162175415979863,100.0845319032669
ที่ทำการเขตรักษาพันธุ์สัตว์ป่าดอยผาช้าง,ต.งิม อ.ปง จ.พะเยา,16:00 น.,7.6,19.302030424763483,100.40964782238007
อบต.บึงกาฬ,ต.บึงกาฬ อ.บึงกาฬ จ.บึงกาฬ,16:00 น.,7.6,18.36503917665306,103.6541497707367
บ้านสนามบิน,ต.เขากวางทอง อ.หนองฉาง จ.อุทัยธานี,15:00 น.,7.5,15.396461042879968,99.66100037097931
บ้านน้ำลาว,ต.แม่ลาว อ.เชียงคำ จ.พะเยา,15:00 น.,7.5,19.420544850590566,100.43799877166748
บ้านโป่งเกตุ,ต.ขุนซ่อง อ.แก่งหางแมว จ.จันทบุรี,15:00 น.,7.5,13.146921781268546,101.97899758815765
บ้านหนองพรมหน่อ,ต.ห้วยคต อ.ห้วยคต จ.อุทัยธานี,15:00 น.,7.5,15.294736020350964,99.58800137042999
บ้านพุบอนบน,ต.บ้านบึง อ.บ้านคา จ.ราชบุรี,13:00 น.,7.5,13.390971205725624,99.49999809265137
บ้านไสใหญ่เหนือ,ต.ถ้ำใหญ่ อ.ทุ่งสง จ.นครศรีธรรมราช,15:00 น.,7.5,8.173271282135598,99.71999824047089
บ้านน้ำฉา,ต.เทพราช อ.สิชล จ.นครศรีธรรมราช,15:00 น.,7.5,8.897314564569934,99.83000099658966
บ้านหน้าถ้ำ,ต.นาเหรง อ.นบพิตำ จ.นครศรีธรรมราช,15:00 น.,7.5,8.665483849172325,99.76500034332275
จุดวัด ค.ทวีฯ-ค.บางเชือกหนัง,ต.บางไผ่ อ.บางแค จ.กรุงเทพมหานคร,16:00 น.,7.5,13.750369449697157,100.35350918769836
บ้านบางเมาะ,ต.ตะกุกเหนือ อ.วิภาวดี จ.สุราษฎร์ธานี,15:00 น.,7.5,9.249753396273455,98.88999938964844
ส.คลองชักพระ,ต.คลองชักพระ อ.ตลิ่งชัน จ.กรุงเทพมหานคร,16:00 น.,7.5,13.778922215490507,100.46499788761139
บ้านไร่พริก,ต.บ้านบึง อ.บ้านไร่ จ.อุทัยธานี,15:00 น.,7.5,14.991400581856555,99.56499874591827
คลองช่องสะเดา,ต.อุทัย อ.อุทัย จ.พระนครศรีอยุธยา,16:00 น.,7.4,14.344740506301052,100.67007422447205
หน่วยจัดการต้นน้ำตาปี,ต.ตะกุกใต้ อ.วิภาวดี จ.สุราษฎร์ธานี,16:00 น.,7.4,9.162941985806267,98.8869845867157
รร. คำอาฮวนศรีสุราษฎร์วิทยา,ต.คำอาฮวน อ.เมืองมุกดาหาร จ.มุกดาหาร,16:00 น.,7.4,16.496238742744737,104.66688215732574
ทต.ตรอน,ต.วังแดง อ.ตรอน จ.อุตรดิตถ์,16:00 น.,7.4,17.486148738849547,100.10563015937805
ศรีสาคร,ต.ศรีสาคร อ.ศรีสาคร จ.นราธิวาส,16:00 น.,7.2,6.22725666908869,101.49691343307495
ทต.เก้าเลี้ยว,ต.เก้าเลี้ยว อ.เก้าเลี้ยว จ.นครสวรรค์,16:00 น.,7.2,15.860281620118375,100.09179532527924
ทต.พลิ้ว,ต.พลิ้ว อ.แหลมสิงห์ จ.จันทบุรี,16:00 น.,7.2,12.49999704854005,102.1475476026535
เขตรักษาพันธุ์สัตว์ป่าน้ำตกสองแพรก,ต.สองแพรก อ.เมืองพังงา จ.พังงา,16:00 น.,7.2,8.612559675742036,98.54960024356842
ศูนย์พัฒนาเด็กเล็ก อบต.ท่านา,ต.ท่านา อ.กะปง จ.พังงา,16:00 น.,7,8.678465815115747,98.41659486293793
อาคารสูบน้ำดิบ กปภ. อ.ยะหา จ.ยะลา,ต.บาโร๊ะ อ.ยะหา จ.ยะลา,15:00 น.,7,6.474808477725271,101.13951981067657
เมืองแกลง,ต.บ้านนา อ.แกลง จ.ระยอง,16:00 น.,7,12.803018542218112,101.65023922920227
บ้านแม่สุ,ต.แม่ลาหลวง อ.แม่ลาน้อย จ.แม่ฮ่องสอน,15:00 น.,7,18.481649254274878,97.90700197219849
บ้านหาดถั่ว,ต.ปลายพระยา อ.ปลายพระยา จ.กระบี่,15:00 น.,7,8.551978690982242,98.90836715698242
บ้านเงาะกาโป,ต.บันนังสตา อ.บันนังสตา จ.ยะลา,15:00 น.,7,6.25728994206387,101.24959766864777
เมืองมหาสารคาม,ต.เกิ้ง อ.เมืองมหาสารคาม จ.มหาสารคาม,16:00 น.,7,16.232254279240625,103.27107667922974
บ้านย่านตะเคียน*,ต.ไทรโสภา อ.พระแสง จ.สุราษฎร์ธานี,15:00 น.,7,8.576098729686892,99.05148446559906
เขตรักษาพันธุ์สัตว์ป่าฮาลา-บาลา,ต.โละจูด อ.แว้ง จ.นราธิวาส,16:00 น.,6.8,5.8074840957019775,101.84518218040466
บางไทร,ต.โพแตง อ.บางไทร จ.พระนครศรีอยุธยา,16:00 น.,6.6,14.118274406927545,100.53531467914581
ทม.พัทลุง,ต.คูหาสวรรค์ อ.เมืองพัทลุง จ.พัทลุง,16:00 น.,6.6,7.618282700044703,100.07372260093689
บ้านนบ,ต.กรุงชิง อ.นบพิตำ จ.นครศรีธรรมราช,15:00 น.,6.5,8.792717371820691,99.7029983997345
บ้านห้วยกลาง,ต.กะทูน อ.พิปูน จ.นครศรีธรรมราช,15:00 น.,6.5,8.592096574063387,99.511998295784
บ้านห้วยท่าง,ต.ไชยวัฒนา อ.ปัว จ.น่าน,15:00 น.,6.5,19.22277212090466,100.91699838638306
บ้านสวนผึ้ง,ต.ตะนาวศรี อ.สวนผึ้ง จ.ราชบุรี,15:00 น.,6.5,13.509852138087187,99.33900117874146
บ้านห้วยไฟ,ต.แม่ขะนิง อ.เวียงสา จ.น่าน,15:00 น.,6.5,18.763059427221858,100.53900003433228
ส.คลองมอญ,ต.วัดอรุณ อ.บางกอกใหญ่ จ.กรุงเทพมหานคร,16:00 น.,6.5,13.747138807966145,100.48530757427216
ป่าพะยอม,ต.เกาะเต่า อ.ป่าพะยอม จ.พัทลุง,16:00 น.,6.4,7.807017945674877,99.84858334064484
รร.บ้านปางยาง,ต.ภูคา อ.ปัว จ.น่าน,16:00 น.,6.4,19.1356000706244,100.99640250205994
บ้านโคกพลวง,ต.หนองโบสถ์ อ.นางรอง จ.บุรีรัมย์,16:00 น.,6.2,14.592325907636331,102.6676869392395
รัษฎา,ต.ควนเมา อ.รัษฎา จ.ตรัง,16:00 น.,6.2,7.964069396117323,99.59781289100647
อบต.นิคมกระเสียว,ต.นิคมกระเสียว อ.ด่านช้าง จ.สุพรรณบุรี,15:00 น.,6.2,14.857371950855427,99.57507848739624
อบต.อ่าวตง,ต.อ่าวตง อ.วังวิเศษ จ.ตรัง,16:00 น.,6.2,7.855777434070519,99.38441097736359
ทต.ปราณบุรี,ต.หนองตาแต้ม อ.ปราณบุรี จ.ประจวบคีรีขันธ์,16:00 น.,6.2,12.378380306690973,99.893279671669
บ้านย่านอุดม,ต.ทุ่งไทรทอง อ.ลำทับ จ.กระบี่,15:00 น.,6,8.010334899212314,99.32934522628784
บ้านคลองห้วยนา,ต.ชนแดน อ.ชนแดน จ.เพชรบูรณ์,15:00 น.,6,16.12019233480866,100.87700128555298
บ้านนาคันหัก,ต.พระเพลิง อ.เขาฉกรรจ์ จ.สระแก้ว,15:00 น.,6,13.608059259838063,102.04922318458557
บ้านเขาหลัก,ต.ปากแจ่ม อ.ห้วยยอด จ.ตรัง,15:00 น.,6,7.724499167281783,99.7299975156784
บ้านกอก,ต.ภูคา อ.ปัว จ.น่าน,15:00 น.,6,19.262327567777945,101.05600118637085
บ้านในสอย,ต.ปางหมู อ.เมืองแม่ฮ่องสอน จ.แม่ฮ่องสอน,15:00 น.,6,19.380759484423766,97.87400007247925
บ้านปางอุ๋ง,ต.แม่ศึก อ.แม่แจ่ม จ.เชียงใหม่,15:00 น.,6,18.79355807984794,98.11500191688538
บ้านเขาควง,ต.หนองแก อ.หัวหิน จ.ประจวบคีรีขันธ์,15:00 น.,6,12.458624624415451,99.94499802589417
บ้านแม่ปะแพะ,ต.แม่ปะ อ.เถิน จ.ลำปาง,15:00 น.,6,17.63633331688084,99.26900088787079
บ้านยอด,ต.ยอด อ.สองแคว จ.น่าน,15:00 น.,6,19.393344308929446,100.57900249958038
เขตราชเทวี,ต.ทุ่งพญาไท อ.ราชเทวี จ.กรุงเทพมหานคร,16:00 น.,6,13.759170117344558,100.53404867649078
บ้านห้วยมะกอก,ต.สันติคีรี อ.แม่ลาน้อย จ.แม่ฮ่องสอน,15:00 น.,6,18.505626140705804,98.00900101661682
อบต.ทุ่งกระบ่ำ,ต.ทุ่งกระบ่ำ อ.เลาขวัญ จ.กาญจนบุรี,16:00 น.,6,14.58879574325717,99.63504731655121
บ้านน้ำพัน,ต.นาไร่หลวง อ.สองแคว จ.น่าน,15:00 น.,6,19.293782784292194,100.68600118160248
บ้านกลุ่มตาขวัญ,ต.คลองไก่เถื่อน อ.คลองหาด จ.สระแก้ว,15:00 น.,6,13.339046035920902,102.31078147888184
บ้านอมลาน,ต.กองแขก อ.แม่แจ่ม จ.เชียงใหม่,15:00 น.,6,18.383936674557685,98.45799744129181
ห้วยแร้ง,ต.ห้วยแร้ง อ.เมืองตราด จ.ตราด,16:00 น.,6,12.36929448720601,102.54332363605499
ลำน้ำกูน,ต.ศิลาแลง อ.ปัว จ.น่าน,16:00 น.,6,19.148908127425415,100.94640612602234
บ้านเมืองปอน,ต.เมืองปอน อ.ขุนยวม จ.แม่ฮ่องสอน,15:00 น.,6,18.745997074908,97.92700052261353
ที่ทำการอุทยานแห่งชาติน้ำตกโยง,ต.ถ้ำใหญ่ อ.ทุ่งสง จ.นครศรีธรรมราช,16:00 น.,5.8,8.172389832636899,99.74126815795898
ทต.บะยาว,ต.บะยาว อ.วังสามหมอ จ.อุดรธานี,16:00 น.,5.8,17.080835543967762,103.39910924434662
น้ำตกปลิว,ต.ถ้ำใหญ่ อ.ทุ่งสง จ.นครศรีธรรมราช,16:00 น.,5.6,8.16269376180684,99.75913166999817
ทต.ขุนยวม,ต.ขุนยวม อ.ขุนยวม จ.แม่ฮ่องสอน,16:00 น.,5.6,18.831220480827294,97.93512225151062
คลองระพีพัฒน์แยกตก,ต.คลองเจ็ด อ.คลองหลวง จ.ปทุมธานี,16:00 น.,5.6,14.206146458718688,100.74480593204498
รร.ผังปาล์ม 4,ต.ปาล์มพัฒนา อ.มะนัง จ.สตูล,16:00 น.,5.6,7.022373037559082,99.93093252182007
ปตร.คลองหลวงแพ่ง,ต.ศาลาแดง อ.บางน้ำเปรี้ยว จ.ฉะเชิงเทรา,16:00 น.,5.5,13.813212184273727,100.93742072582245
ปตร.วัดกระทุ่มฯ,ต.ประเวศ อ.ประเวศ จ.กรุงเทพมหานคร,16:00 น.,5.5,13.724100955733617,100.68956851959229
บ้านห้วยตง,ต.กรุงชิง อ.นบพิตำ จ.นครศรีธรรมราช,14:00 น.,5.5,8.91898508526589,99.61198568344116
บ้านเชี่ยวหมอน,ต.พนม อ.พนม จ.สุราษฎร์ธานี,15:00 น.,5.5,8.83749537025456,98.7739884853363
บ้านแม่ฉางข้าว,ต.ป่างิ้ว อ.เวียงป่าเป้า จ.เชียงราย,15:00 น.,5.5,19.23584521275557,99.42199945449829
บ้านธรรมสถิตย์,ต.สำนักทอง อ.เมืองระยอง จ.ระยอง,15:00 น.,5.5,12.702965450474023,101.44468545913696
บ้านบันนังบูโบ,ต.ถ้ำทะลุ อ.บันนังสตา จ.ยะลา,15:00 น.,5.5,6.237538139952972,101.17429196834564
ทม.ตะพานหิน,ต.ตะพานหิน อ.ตะพานหิน จ.พิจิตร,16:00 น.,5.4,16.21106883110231,100.41941106319427
สะพานน้ำยาว บ้านสองแคว,ต.นาไร่หลวง อ.สองแคว จ.น่าน,16:00 น.,5.2,19.35672062775631,100.70646643638611
อบต.ละหานทราย,ต.ละหานทราย อ.ละหานทราย จ.บุรีรัมย์,16:00 น.,5.2,14.39569814527182,102.84723401069641
บ้านปู,ต.ลี้ อ.ลี้ จ.ลำพูน,15:00 น.,5,17.8397941983907,99.00500178337097
บ้านทหารผ่านศึก,ต.รวมไทยพัฒนา อ.พบพระ จ.ตาก,15:00 น.,5,16.393833294911722,98.79500091075897
หน่วยจัดการต้นน้ำสวนป่าสิริกิติ์,ต.กองแขก อ.แม่แจ่ม จ.เชียงใหม่,16:00 น.,5,18.364209308182986,98.46655368804932
บ้านหนองแวง,ต.ไทรเดี่ยว อ.คลองหาด จ.สระแก้ว,15:00 น.,5,13.591546492246145,102.25709438323975
จุดวัด ค.ประเวศฯ-เขตลาดกระบัง,ต.ลาดกระบัง อ.ลาดกระบัง จ.กรุงเทพมหานคร,16:00 น.,5,13.723981096707517,100.78406810760498
บ้านขุนแม่ลาน้อย,ต.ขุนแม่ลาน้อย อ.แม่ลาน้อย จ.แม่ฮ่องสอน,15:00 น.,5,18.622216842036092,98.1119978427887
ทต.สรรพยา,ต.สรรพยา อ.สรรพยา จ.ชัยนาท,16:00 น.,5,15.132196457409316,100.25128483772278
อบต.ดอยเต่า,ต.ดอยเต่า อ.ดอยเต่า จ.เชียงใหม่,16:00 น.,5,17.915486751567848,98.72794032096863
บ้านควนไม้ไผ่,ต.นาหว้า อ.จะนะ จ.สงขลา,15:00 น.,5,6.919855420825275,100.64300000667572
บ้านกงษีไร่ (หมู่ 6),ต.ซึ้ง อ.ขลุง จ.จันทบุรี,15:00 น.,5,12.489469941549556,102.23100185394287
สถานีวิจัยต้นน้ำตาปี,ต.กะทูน อ.พิปูน จ.นครศรีธรรมราช,16:00 น.,5,8.594048519215711,99.55768167972565
บ้านไอร์กลูแป,ต.โคกสะตอ อ.รือเสาะ จ.นราธิวาส,15:00 น.,5,6.286857591745259,101.47938251495361
บ้านทุ่งมะเซอย่อ,ต.บ้องตี้ อ.ไทรโยค จ.กาญจนบุรี,15:00 น.,5,14.171644583784678,98.957998752594
ส.คลองบางจาก,ต.บางแคเหนือ อ.บางแค จ.กรุงเทพมหานคร,16:00 น.,5,13.714710075987822,100.39555013179779
เมืองพังงา,ต.ถ้ำน้ำผุด อ.เมืองพังงา จ.พังงา,16:00 น.,4.8,8.47732263303875,98.52831959724426
หน่วยจัดการต้นน้ำห้วยสำราญ,ต.จรัส อ.บัวเชด จ.สุรินทร์,16:00 น.,4.8,14.431578732124807,104.05004918575287
พัทยา,ต.เขตการปกครองพิเศษพัทยา อ.บางละมุง จ.ชลบุรี,16:00 น.,4.8,12.919999355142153,100.86944282054901
ขาณุวรลักษบุรี,ต.ป่าพุทรา อ.ขาณุวรลักษบุรี จ.กำแพงเพชร,16:00 น.,4.8,16.064789670208967,99.86027240753174
พระนครศรีอยุธยา,ต.ภูเขาทอง อ.พระนครศรีอยุธยา จ.พระนครศรีอยุธยา,16:00 น.,4.6,14.369155476364401,100.52863597869873
อบต.บางครก,ต.บางครก อ.บ้านแหลม จ.เพชรบุรี,16:00 น.,4.6,13.198668668764427,99.95052874088287
อบต.บ้านกลาง,ต.บ้านกลาง อ.สอง จ.แพร่,16:00 น.,4.6,18.48202574792197,100.17752945423126
หน่วยพิทักษ์อุทยานแห่งชาติที่ ขญ.๑๐ (ประจันตคาม),ต.บุฝ้าย อ.ประจันตคาม จ.ปราจีนบุรี,16:00 น.,4.6,14.181141704364997,101.59204065799713
ทต.ห้วยยอด,ต.ห้วยยอด อ.ห้วยยอด จ.ตรัง,16:00 น.,4.6,7.789128295093799,99.63350772857666
ปตร.กลางคลองข้าวเม่า (วัดกระสังข์),ต.หันตรา อ.พระนครศรีอยุธยา จ.พระนครศรีอยุธยา,16:00 น.,4.6,14.35730171244661,100.60566365718842
อบต.บางกระเจ้า,ต.บางกระเจ้า อ.เมืองสมุทรสาคร จ.สมุทรสาคร,16:00 น.,4.6,13.52161910560534,100.19257128238678
ศูนย์สาธิตการพัฒนาฯ การใช้หญ้าแฝกด้านป่าไม้ที่ ๑,ต.โป่งแยง อ.แม่ริม จ.เชียงใหม่,16:00 น.,4.6,18.872579982974656,98.79531741142273
ลิ่นถิ่น,ต.ไทรโยค อ.ไทรโยค จ.กาญจนบุรี,16:00 น.,4.6,14.535597616142853,98.78764629364014
บ้านป่าหก,ต.ลี้ อ.ลี้ จ.ลำพูน,15:00 น.,4.5,17.776738446204213,98.9710021018982
บ้านกอกหลวง,ต.แม่นาจาง อ.แม่ลาน้อย จ.แม่ฮ่องสอน,15:00 น.,4.5,18.529701393505903,98.13799917697906
บ้านแป้น,ต.แป้น อ.สายบุรี จ.ปัตตานี,15:00 น.,4.5,6.7402190716615085,101.54667913913727
บ้านประจำไม้,ต.ห้วยเขย่ง อ.ทองผาภูมิ จ.กาญจนบุรี,15:00 น.,4.5,14.589911904070489,98.58599781990051
บ้านขุนห้วยแม่สอด,ต.พระธาตุผาแดง อ.แม่สอด จ.ตาก,12:00 น.,4.5,16.716891442868988,98.66299867630005
บ้านโตนดห้าต้น,ต.นาพญา อ.หลังสวน จ.ชุมพร,15:00 น.,4.5,9.87373510754121,99.10599768161774
บ้านในปง,ต.อ่าวตง อ.วังวิเศษ จ.ตรัง,15:00 น.,4.5,7.89255982483915,99.38700199127197
บ้านโป่งนก,ต.ด่านมะขามเตี้ย อ.ด่านมะขามเตี้ย จ.กาญจนบุรี,15:00 น.,4.5,13.786398504308181,99.31099891662598
ปตร.คลองลาดกระบัง,ต.ลาดกระบัง อ.ลาดกระบัง จ.กรุงเทพมหานคร,16:00 น.,4.5,13.723861237681419,100.74978947639465
บ้านเกวต,ต.พญาแก้ว อ.เชียงกลาง จ.น่าน,15:00 น.,4.5,19.30648569741297,101.01099908351898
บ้านผาหลัก,ต.ยอด อ.สองแคว จ.น่าน,15:00 น.,4.5,19.38391716788506,100.60400068759918
สะพานแม่วงก์,ต.ปางมะค่า อ.ขาณุวรลักษบุรี จ.กำแพงเพชร,16:00 น.,4.4,15.901765357563278,99.47039186954498
สะพานน้ำกอน บ้านพญาแก้ว,ต.พญาแก้ว อ.เชียงกลาง จ.น่าน,16:00 น.,4.4,19.286117018232705,100.90128064155579
อบต.ปางกู่,ต.ปางกู่ อ.โนนสัง จ.หนองบัวลำภู,16:00 น.,4.4,17.02002018166838,102.59122788906097
ปตร.กระมัง (ปากคลองข้าวเม่า),ต.หัวรอ อ.พระนครศรีอยุธยา จ.พระนครศรีอยุธยา,16:00 น.,4.4,14.355067043937012,100.58358371257782
ชุมชนจุมจัง,ต.จุมจัง อ.กุฉินารายณ์ จ.กาฬสินธุ์,16:00 น.,4.2,16.43070835983672,104.07318592071533
เขตห้วยขวาง,ต.ห้วยขวาง อ.ห้วยขวาง จ.กรุงเทพมหานคร,16:00 น.,4,13.776780879730492,100.57906150817871
เขตภาษีเจริญ,ต.บางหว้า อ.ภาษีเจริญ จ.กรุงเทพมหานคร,16:00 น.,4,13.71440781076419,100.4369580745697
ท่าน้ำสวัสดี,ต.สัมพันธวงศ์ อ.สัมพันธวงศ์ จ.กรุงเทพมหานคร,16:00 น.,4,13.736638914644482,100.50959765911102
บ้านโรงกลวง,ต.นบปริง อ.เมืองพังงา จ.พังงา,15:00 น.,4,8.54707174492376,98.52799773216248
บ้านต้นหาร,ต.หน้าเขา อ.เขาพนม จ.กระบี่,15:00 น.,4,8.309861637175134,98.96900117397308
บ้านหุบกระพง,ต.เขาใหญ่ อ.ชะอำ จ.เพชรบุรี,15:00 น.,4,12.784400561889187,99.90399777889252
บ้านหนองธง,ต.หนองพันจันทร์ อ.บ้านคา จ.ราชบุรี,15:00 น.,4,13.45973170966435,99.44000244140625
บ้านชมภูเหนือ,ต.ชมพู อ.เนินมะปราง จ.พิษณุโลก,15:00 น.,4,16.695949005896747,100.65299928188324
บ้านห้วยโรงนอก,ต.ห้วยโรง อ.ร้องกวาง จ.แพร่,15:00 น.,4,18.41645771746947,100.47899901866913
บ้านบือจะ,ต.พิเทน อ.ทุ่งยางแดง จ.ปัตตานี,15:00 น.,4,6.656689840132462,101.45186305046082
บ้านสะโทย,ต.วังสรรพรส อ.ขลุง จ.จันทบุรี,15:00 น.,4,12.561464683682239,102.26500153541565
อบต.แม่สวด,ต.แม่สวด อ.สบเมย จ.แม่ฮ่องสอน,16:00 น.,4,17.96313412609247,97.93163537979126
บ้านจันตาแป๊ะ,ต.จันทเขลม อ.เขาคิชฌกูฏ จ.จันทบุรี,15:00 น.,4,13.03510147114457,102.10800111293793
บ้านคลองใหญ่,ต.จันทเขลม อ.เขาคิชฌกูฏ จ.จันทบุรี,15:00 น.,4,12.972159724378912,102.05771505832672
สุรินทร์ สกษ.,ต.คอโค อ.เมืองสุรินทร์ จ.สุรินทร์,13:00 น.,4,14.88333203516152,103.45000147819519
บ้านสำนักเอาะ,ต.เขาแดง อ.สะบ้าย้อย จ.สงขลา,15:00 น.,4,6.485847203927725,100.77905774116516
บ้านทุ่ง,ต.สบปราบ อ.สบปราบ จ.ลำปาง,15:00 น.,4,17.8738460539028,99.36300158500671
บ้านห้วยโป่งผาลาด,ต.แม่เจดีย์ใหม่ อ.เวียงป่าเป้า จ.เชียงราย,15:00 น.,4,19.137647534076017,99.41600203514099
สรรคบุรี (แม่น้ำน้อย),ต.เที่ยงแท้ อ.สรรคบุรี จ.ชัยนาท,16:00 น.,4,15.064084222921183,100.16287922859192
อบต.หนองไม้กอง,ต.หนองไม้กอง อ.ไทรงาม จ.กำแพงเพชร,16:00 น.,4,16.435668412009804,99.94507312774658
อบต.บึงชำอ้อ,ต.บึงชำอ้อ อ.หนองเสือ จ.ปทุมธานี,16:00 น.,4,14.161372058834072,100.7961916923523
ห้วยยัง,ต.ไค้นุ่น อ.ห้วยผึ้ง จ.กาฬสินธุ์,16:00 น.,4,16.604435109734034,103.96214783191681
รร.บ้านพูน,ต.กะปาง อ.ทุ่งสง จ.นครศรีธรรมราช,16:00 น.,3.8,8.038264841160766,99.64308857917786
สถานีพัฒนาการเกษตรที่สูง ฯ ภูพยัคฆ์,ต.ขุนน่าน อ.เฉลิมพระเกียรติ จ.น่าน,16:00 น.,3.8,19.504743526382768,101.21375262737274
นครพนม สกษ.,ต.ในเมือง อ.เมืองนครพนม จ.นครพนม,16:00 น.,3.8,17.443057371476723,104.77361261844635
ท่าวังผา,ต.ท่าวังผา อ.ท่าวังผา จ.น่าน,16:00 น.,3.6,19.096115561435802,100.80262899398804
คลองเปรมประชากร หลักหก,ต.หลักหก อ.เมืองปทุมธานี จ.ปทุมธานี,16:00 น.,3.6,13.965658436344485,100.60255229473114
หนองพลับ สกษ.,ต.หนองพลับ อ.หัวหิน จ.ประจวบคีรีขันธ์,13:00 น.,3.6,12.583334571993838,99.73333418369293
สะพานแม่น้ำว้า บ้านบ่อหยวก,ต.บ่อเกลือเหนือ อ.บ่อเกลือ จ.น่าน,16:00 น.,3.6,19.270328662268543,101.17807388305664
บ้านต้นกอ,ต.ร่อนพิบูลย์ อ.ร่อนพิบูลย์ จ.นครศรีธรรมราช,15:00 น.,3.5,8.143582361315486,99.80381190776825
บ้านคลองไข่มุก,ต.คลองกวาง อ.นาทวี จ.สงขลา,15:00 น.,3.5,6.640182631736774,100.61920881271362
บ้านนากึ๋น,ต.บ่อเกลือเหนือ อ.บ่อเกลือ จ.น่าน,15:00 น.,3.5,19.31767903812312,101.17299914360046
เขตปทุมวัน,ต.วังใหม่ อ.ปทุมวัน จ.กรุงเทพมหานคร,16:00 น.,3.5,13.74492944022631,100.52219867706299
บ้านท่าปุยตก,ต.ย่านรี อ.สามเงา จ.ตาก,15:00 น.,3.5,17.238223131175275,99.02099847793579
บ้านปางไม้แดง,ต.บ้านช้าง อ.แม่แตง จ.เชียงใหม่,15:00 น.,3.5,19.14332860394366,98.86500120162964
บ้านแม่ขีด,ต.แม่นาจาง อ.แม่ลาน้อย จ.แม่ฮ่องสอน,15:00 น.,3.5,18.51135404786899,98.07499945163727
บ้านน้ำกิใต้,ต.ผาทอง อ.ท่าวังผา จ.น่าน,15:00 น.,3.5,19.220472446308232,100.64700186252594
บ้านแม่แพะ,ต.สะเมิงเหนือ อ.สะเมิง จ.เชียงใหม่,15:00 น.,3.5,19.010596040507693,98.70300114154816
บ้านท่าคลอง,ต.เทศบาลเมืองกระบี่ อ.เมืองกระบี่ จ.กระบี่,15:00 น.,3.5,8.11049767570278,98.90815258026123
อบต.บ้านลำนาว,ต.บ้านลำนาว อ.บางขัน จ.นครศรีธรรมราช,16:00 น.,3.4,8.029208271386919,99.47583138942719
เหนือฝายมหาสารคาม,ต.หนองบัว อ.โกสุมพิสัย จ.มหาสารคาม,16:00 น.,3.4,16.369139666577162,102.94762372970581
เชียงม่วน,ต.สระ อ.เชียงม่วน จ.พะเยา,16:00 น.,3.4,18.946237248093276,100.25891304016113
จุดชมวิว 1715,ต.ภูคา อ.ปัว จ.น่าน,16:00 น.,3.4,19.17482180172219,101.10614240169525
อบต.ตาอุด,ต.ตาอุด อ.ขุขันธ์ จ.ศรีสะเกษ,16:00 น.,3.2,14.667904554522464,104.27086472511292
วังวิเศษ,ต.เขาวิเศษ อ.วังวิเศษ จ.ตรัง,16:00 น.,3.2,7.668914138249084,99.45938408374786
อบต.แม่วงก์,ต.แม่วงก์ อ.แม่วงก์ จ.นครสวรรค์,16:00 น.,3.2,15.781015720859656,99.54587459564209
ทต.แม่จัน,ต.แม่จัน อ.แม่จัน จ.เชียงราย,16:00 น.,3.2,20.139261032653557,99.85798180103302
อบต.ป่าแฝก,ต.ป่าแฝก อ.พรเจริญ จ.บึงกาฬ,16:00 น.,3.2,18.063062010414964,103.7363862991333
สะพานทางเข้าชุมชนบ้านปากซวด,ต.พังกาญจน์ อ.พนม จ.สุราษฎร์ธานี,16:00 น.,3.2,8.88967207372546,98.82031559944153
ท้ายปตร.ยางมณี,ต.พิกุลทอง อ.ท่าช้าง จ.สิงห์บุรี,16:00 น.,3.2,14.750346397703076,100.41499614715576
อบต.แม่ระมาด,ต.แม่ระมาด อ.แม่ระมาด จ.ตาก,16:00 น.,3.2,16.989866728844028,98.5182774066925
พระแสง,ต.ไทรขึง อ.พระแสง จ.สุราษฎร์ธานี,16:00 น.,3.2,8.537438031212913,99.18096005916595
ปตร.พลเทพ,ต.หาดท่าเสา อ.เมืองชัยนาท จ.ชัยนาท,16:00 น.,3.2,15.215930345494963,100.07282674312592
ทต.กุยบุรี,ต.กุยบุรี อ.กุยบุรี จ.ประจวบคีรีขันธ์,16:00 น.,3.2,12.070015640314555,99.8673266172409
สรรพยา,ต.โพนางดำออก อ.สรรพยา จ.ชัยนาท,16:00 น.,3.2,15.109026973202491,100.2679306268692
บ้านแกน้อย,ต.แม่นะ อ.เชียงดาว จ.เชียงใหม่,15:00 น.,3,19.66520991806028,98.79500091075897
บ้านสามสบ,ต.ท่าผา อ.แม่แจ่ม จ.เชียงใหม่,15:00 น.,3,18.503855841498698,98.45699965953827
บ้านเชี่ยวขวัญ,ต.ตะกุกเหนือ อ.วิภาวดี จ.สุราษฎร์ธานี,15:00 น.,3,9.213197133853413,98.94631505012512
บ้านหนองเกตุ,ต.แก่งกระจาน อ.แก่งกระจาน จ.เพชรบุรี,15:00 น.,3,12.948545923230325,99.66979801654816
ชุมชนกุนุงจนอง,ต.เบตง อ.เบตง จ.ยะลา,15:00 น.,3,5.785340924659716,101.05644106864929
ทต.ห้วยราช,ต.ห้วยราช อ.ห้วยราช จ.บุรีรัมย์,16:00 น.,3,14.97332556638539,103.18652272224426
สะพานแม่ตื่น,ต.แม่ตื่น อ.แม่ระมาด จ.ตาก,16:00 น.,3,17.1253497901782,98.63940060138702
สะพานน้ำว้า บ้านน้ำว้า,ต.น้ำพาง อ.แม่จริม จ.น่าน,16:00 น.,3,18.64321573996247,101.010822057724
โครงการจุฬาภรณ์พัฒนา 7 อ.ธารโต จ.ยะลา,ต.แม่หวาด อ.ธารโต จ.ยะลา,15:00 น.,3,6.063376782661174,101.36483609676361
บ้านคลองพนม,ต.คลองศก อ.พนม จ.สุราษฎร์ธานี,15:00 น.,3,8.79296123483613,98.70307087898254
หน่วยพิทักษ์ป่าคลองหยา,ต.เขาพัง อ.บ้านตาขุน จ.สุราษฎร์ธานี,12:00 น.,3,9.224761691082803,98.60640943050385
บ้านแม่แดดน้อย,ต.ยั้งเมิน อ.สะเมิง จ.เชียงใหม่,15:00 น.,3,18.96463888273061,98.41599941253662
บ้านน้ำแคะ,ต.ดงพญา อ.บ่อเกลือ จ.น่าน,15:00 น.,3,19.27117432534154,101.211998462677
บ้านแม่ทะลาย,ต.พระธาตุขิงแกง อ.จุน จ.พะเยา,15:00 น.,3,19.257607751713717,100.19200265407562
บ้านแม่ทาย,ต.ออย อ.ปง จ.พะเยา,15:00 น.,3,19.266738346261587,100.3160011768341
บ้านห้วยแห้ง,ต.ขะเนจื้อ อ.แม่ระมาด จ.ตาก,15:00 น.,3,17.10296069056762,98.41899812221527
บ้านกกงิ้ว,ต.สุขฤทัย อ.ห้วยคต จ.อุทัยธานี,15:00 น.,3,15.304712062165315,99.64900016784668
เหนือปตร.ยางมณี,ต.พิกุลทอง อ.ท่าช้าง จ.สิงห์บุรี,16:00 น.,3,14.751015601900434,100.4146420955658
แม่น้ำชี ฝายมหาสารคาม,ต.หนองบัว อ.โกสุมพิสัย จ.มหาสารคาม,15:00 น.,3,16.370271998542666,102.95232832431793
บ้านบางหยด,ต.อิปัน อ.พระแสง จ.สุราษฎร์ธานี,15:00 น.,3,8.541172715205496,99.20499801635742
บ้านเคี่ยมเพาะ,ต.ปากฉลุย อ.ท่าฉาง จ.สุราษฎร์ธานี,15:00 น.,3,9.409282323786824,98.87299954891205
บ้านบ้องตี้บน,ต.บ้องตี้ อ.ไทรโยค จ.กาญจนบุรี,15:00 น.,3,14.073461889296164,98.99199843406677
บ้านวังหาด,ต.ตลิ่งชัน อ.บ้านด่านลานหอย จ.สุโขทัย,15:00 น.,3,17.197261709046607,99.38500106334686
บ้านนาป่าแปก,ต.หมอกจำแป่ อ.เมืองแม่ฮ่องสอน จ.แม่ฮ่องสอน,15:00 น.,3,19.532466349445986,97.92900145053864
บ้านไมโครเวฟ,ต.ห้วยปูลิง อ.เมืองแม่ฮ่องสอน จ.แม่ฮ่องสอน,15:00 น.,3,19.098680566940143,98.0620014667511
สะพานกะลูบี บ้านสายปารี,ต.มาโมง อ.สุคิริน จ.นราธิวาส,16:00 น.,2.8,5.895701201160583,101.76636278629303
ปตร.พระศรีศิลป์,ต.หนองแค อ.หนองแค จ.สระบุรี,16:00 น.,2.8,14.327324115733584,100.87115943431854
ปราณบุรี,ต.วังก์พง อ.ปราณบุรี จ.ประจวบคีรีขันธ์,16:00 น.,2.8,12.389949336041697,99.91116464138031
หน่วยพิทักษ์อุทยานแห่งชาติที ขป.๘ (น้ำตกหนานปลิว),ต.ลานข่อย อ.ป่าพะยอม จ.พัทลุง,16:00 น.,2.8,7.854698675595534,99.80874180793762
อบต.กังแอน,ต.กังแอน อ.ปราสาท จ.สุรินทร์,16:00 น.,2.8,14.645354623831032,103.43628466129303
หน่วยจัดการต้นน้ำแม่พริก (หน่วยย่อย ปางหลวง),ต.ท่าก๊อ อ.แม่สรวย จ.เชียงราย,16:00 น.,2.6,19.482508239901414,99.5866870880127
สตึก,ต.นิคม อ.สตึก จ.บุรีรัมย์,16:00 น.,2.6,15.299858632317608,103.29231441020966
เมืองแม่ฮ่องสอน,ต.ปางหมู อ.เมืองแม่ฮ่องสอน จ.แม่ฮ่องสอน,16:00 น.,2.6,19.366999571041408,97.96668112277985
ท้ายฝายมหาสารคาม,ต.หนองบัว อ.โกสุมพิสัย จ.มหาสารคาม,16:00 น.,2.6,16.36598969163589,102.9497641324997
นบพิตำ,ต.สระแก้ว อ.ท่าศาลา จ.นครศรีธรรมราช,16:00 น.,2.6,8.720033718921075,99.79616224765778
สะพานห้วยน้ำฮวย,ต.บ้านม่วง อ.สังคม จ.หนองคาย,16:00 น.,2.6,18.151168516900185,102.17911183834076
สะพานตาบัว บ้านยาเด๊ะ,ต.ภูเขาทอง อ.สุคิริน จ.นราธิวาส,16:00 น.,2.6,5.827587782935213,101.75235092639923
บ้านตะบกเตี้ย,ต.ฉมัน อ.มะขาม จ.จันทบุรี,15:00 น.,2.5,12.822393592911787,102.23400056362152
บ้านพอนอคี,ต.ห้วยโป่ง อ.เมืองแม่ฮ่องสอน จ.แม่ฮ่องสอน,15:00 น.,2.5,18.954547915113242,98.08200001716614
บ้านห้วยทรายขาว,ต.แม่ลาน อ.ลี้ จ.ลำพูน,15:00 น.,2.5,17.700874547869873,98.8510000705719
บ้านท่าล้อ,ต.แงง อ.ปัว จ.น่าน,15:00 น.,2.5,19.178175991442146,100.85000216960907
บ้านตาบาด,ต.บ่อพลอย อ.บ่อไร่ จ.ตราด,15:00 น.,2.5,12.601218641146362,102.567999958992
บ้านห้วยกบ,ต.หนองลู อ.สังขละบุรี จ.กาญจนบุรี,15:00 น.,2.5,15.212612273165446,98.36849749088287
ส.คลองบางกอกใหญ่,ต.วัดอรุณ อ.บางกอกใหญ่ จ.กรุงเทพมหานคร,16:00 น.,2.5,13.740218831328313,100.49011945724487
บ้านดอนกระจาย,ต.วังตะกอ อ.หลังสวน จ.ชุมพร,15:00 น.,2.5,9.974857807984526,99.04269754886627
บ้านระหัด,ต.กุดเลาะ อ.เกษตรสมบูรณ์ จ.ชัยภูมิ,15:00 น.,2.5,16.29516361538955,101.96099996566772
บ้านกุดจิก,ต.หนองข่า อ.เกษตรสมบูรณ์ จ.ชัยภูมิ,15:00 น.,2.5,16.14275305764961,101.85100257396698
บ้านโล๊ะดุหยง,ต.ศาลาด่าน อ.เกาะลันตา จ.กระบี่,15:00 น.,2.5,7.633622165914977,99.04694616794586
ปตร.คลองลาดพร้าว,ต.วังทองหลาง อ.วังทองหลาง จ.กรุงเทพมหานคร,16:00 น.,2.5,13.794322588090221,100.58932900428772
บ้านโพนทอง,ต.เชียงกลม อ.ปากชม จ.เลย,15:00 น.,2.5,17.83072996601891,101.97700202465057
ท่าวังผา,ต.ริม อ.ท่าวังผา จ.น่าน,16:00 น.,2.5,19.110557138538073,100.80250024795532
บ้านท่าฟ้าเหนือ*,ต.สระ อ.เชียงม่วน จ.พะเยา,15:00 น.,2.5,19.016038028966275,100.28799891471863
บ้านผาลาดเหนือ,ต.นาทราย อ.ลี้ จ.ลำพูน,15:00 น.,2.5,17.696254642874884,98.94599854946136
บ้านผาน้ำย้อย,ต.พญาแก้ว อ.เชียงกลาง จ.น่าน,15:00 น.,2.5,19.279949715413593,100.9520012140274
บ้านดอยงาม,ต.สันสลี อ.เวียงป่าเป้า จ.เชียงราย,15:00 น.,2.5,19.515190072399875,99.33900117874146
เขตทุ่งครุ,ต.ทุ่งครุ อ.ทุ่งครุ จ.กรุงเทพมหานคร,16:00 น.,2.5,13.611349162956408,100.5087822675705
บ้านหนองใหม่,ต.พงษ์ อ.สันติสุข จ.น่าน,15:00 น.,2.5,18.874925091349663,100.9880018234253
บ้านไหล่ท่า,ต.แม่ระมาด อ.แม่ระมาด จ.ตาก,15:00 น.,2.5,16.983802620246195,98.52699995040894
บ้านดอยสะโงะ,ต.ศรีดอนมูล อ.เชียงแสน จ.เชียงราย,15:00 น.,2.5,20.346085571712656,100.02100110054016
บ้านแม่เตินเหนือ,ต.แม่ถอด อ.เถิน จ.ลำปาง,15:00 น.,2.5,17.738136076575383,99.19400095939636
คลองสำโรง บางเสาธง,ต.บางเสาธง อ.บางเสาธง จ.สมุทรปราการ,16:00 น.,2.4,13.589132309161357,100.80248951911926
อบต.แม่คง,ต.แม่คง อ.แม่สะเรียง จ.แม่ฮ่องสอน,16:00 น.,2.4,18.16087893288025,97.91760742664337
อบต.พิจิตร,ต.พิจิตร อ.นาหม่อม จ.สงขลา,16:00 น.,2.4,6.988307709133191,100.57152450084686
ทต.หนองเลิง,ต.หนองเลิง อ.บึงกาฬ จ.บึงกาฬ,16:00 น.,2.4,18.339143392115528,103.3976662158966
อบต.พังทุย,ต.พังทุย อ.น้ำพอง จ.ขอนแก่น,16:00 น.,2.4,16.748218597898543,102.92319416999817
เหนือปตร.ผักไห่-เจ้าเจ็ด,ต.บ้านใหญ่ อ.ผักไห่ จ.พระนครศรีอยุธยา,16:00 น.,2.4,14.436451728461735,100.37558376789093
สะพานลำน้ำเลย,ต.เชียงคาน อ.เชียงคาน จ.เลย,16:00 น.,2.4,17.860984828776644,101.61144375801086
บันนังสตา,ต.บันนังสตา อ.บันนังสตา จ.ยะลา,16:00 น.,2.4,6.262089133886794,101.26824975013733
คลองแม่รำพัน 1,ต.เมืองเก่า อ.เมืองสุโขทัย จ.สุโขทัย,16:00 น.,2.4,17.05047136636691,99.66440141201019
เมืองอ่างทอง,ต.บางแก้ว อ.เมืองอ่างทอง จ.อ่างทอง,16:00 น.,2.4,14.576496828451674,100.44848084449768
อบต.ป่าแก่บ่อหิน,ต.ป่าแก่บ่อหิน อ.ทุ่งหว้า จ.สตูล,16:00 น.,2.2,7.056419899956487,99.80188071727753
ทต.หันคา,ต.หันคา อ.หันคา จ.ชัยนาท,16:00 น.,2.2,14.969656483991646,100.0103634595871
ทต.โกรกพระ,ต.โกรกพระ อ.โกรกพระ จ.นครสวรรค์,16:00 น.,2.2,15.55311037957068,100.0709331035614
หน่วยพิทักษ์อุทยานแห่งชาติที่ ขป.๙  (น้ำตกเขาคราม),ต.ลำสินธุ์ อ.ศรีนครินทร์ จ.พัทลุง,16:00 น.,2.2,7.515879740688691,99.87862944602966
สะพานท่าสำเภา,ต.ชัยบุรี อ.เมืองพัทลุง จ.พัทลุง,16:00 น.,2.2,7.729607562509329,100.10796368122101
หน่วยจัดการต้นน้ำขุนน่าน,ต.บ่อเกลือเหนือ อ.บ่อเกลือ จ.น่าน,16:00 น.,2.2,19.34819230734305,101.17510199546814
อบต.หนองขนาก,ต.หนองขนาก อ.ท่าเรือ จ.พระนครศรีอยุธยา,16:00 น.,2.2,14.514187022803421,100.73523044586182
ท่าตูม,ต.ท่าตูม อ.ท่าตูม จ.สุรินทร์,16:00 น.,2.2,15.316669233911332,103.68333220481873
สุคิริน,ต.สุคิริน อ.สุคิริน จ.นราธิวาส,16:00 น.,2.2,5.93930562749457,101.77468299865723
พยุหะคีรี,ต.ท่าน้ำอ้อย อ.พยุหะคีรี จ.นครสวรรค์,16:00 น.,2,15.426564485809697,100.1347267627716
บ้านกิ่วม่วง,ต.ดู่พงษ์ อ.สันติสุข จ.น่าน,15:00 น.,2,18.91465497131952,100.88099777698517
บ้านขุนยวม,ต.ขุนยวม อ.ขุนยวม จ.แม่ฮ่องสอน,15:00 น.,2,18.81796318160443,97.93499886989594
บ้านสบสอย,ต.ปางหมู อ.เมืองแม่ฮ่องสอน จ.แม่ฮ่องสอน,15:00 น.,2,19.330688876538396,97.94300258159637
ปากคลองตลาด,ต.พระบรมมหาราชวัง อ.พระนคร จ.กรุงเทพมหานคร,16:00 น.,2,13.74228233998295,100.49453973770142
เมืองตรัง,ต.บางรัก อ.เมืองตรัง จ.ตรัง,16:00 น.,2,7.555903648091325,99.57824349403381
บ้านผาแดง,ต.ทุ่งฮั้ว อ.วังเหนือ จ.ลำปาง,15:00 น.,2,19.210305875641176,99.67500150203705
บ้านแหน 2,ต.ผาตอ อ.ท่าวังผา จ.น่าน,15:00 น.,2,19.175510885080286,100.77199816703796
รร.บ้านหนองคล้า,ต.เขาวิเศษ อ.วังวิเศษ จ.ตรัง,16:00 น.,2,7.618532602250628,99.44906294345856
ฝายละแอ อ.บันนังสตา จ.ยะลา,ต.เขื่อนบางลาง อ.บันนังสตา จ.ยะลา,15:00 น.,2,6.143056253289762,101.30916953086853
บ้านแม่บอนใต้,ต.บ้านปวง อ.ทุ่งหัวช้าง จ.ลำพูน,15:00 น.,2,17.89831504019095,99.09000098705292
บ้านช่องเหรียง,ต.บ้านนิคม อ.บางขัน จ.นครศรีธรรมราช,15:00 น.,2,7.9549580498339765,99.48799788951874
บ้านทุ่งมะส้าน,ต.หมอกจำแป่ อ.เมืองแม่ฮ่องสอน จ.แม่ฮ่องสอน,15:00 น.,2,19.45781171134265,98.00100266933441
บ้านผาบ่อง,ต.ผาบ่อง อ.เมืองแม่ฮ่องสอน จ.แม่ฮ่องสอน,15:00 น.,2,19.206982734568367,97.98200190067291
บ้านหว้าหลัง,ต.สะท้อน อ.นาทวี จ.สงขลา,15:00 น.,2,6.6447117786870615,100.7342541217804
บ้านภูคำ,ต.งอบ อ.ทุ่งช้าง จ.น่าน,15:00 น.,2,19.484000127310885,100.86000144481659
สะพานหัวสะพาน อ.บันนังสตา จ.ยะลา,ต.บาเจาะ อ.บันนังสตา จ.ยะลา,15:00 น.,2,6.262131793116419,101.26823902130127
บ้านวังหิน,ต.บุพราหมณ์ อ.นาดี จ.ปราจีนบุรี,15:00 น.,2,14.263494051128502,101.8919974565506
ที่ว่าการอำเภอเบตง จ.ยะลา,ต.เบตง อ.เบตง จ.ยะลา,15:00 น.,2,5.773044125251569,101.060711145401
วัดท่ายาง,ต.ท่ายาง อ.ทุ่งใหญ่ จ.นครศรีธรรมราช,15:00 น.,2,8.302058657577994,99.36824262142181
จุดวัด ค.บางบอน-ค.สะแกงาม,ต.บางบอน อ.บางบอน จ.กรุงเทพมหานคร,16:00 น.,2,13.642551427876517,100.37952125072479
บ้านเบญจา,ต.พลูเถื่อน อ.พนม จ.สุราษฎร์ธานี,15:00 น.,2,8.764656134965433,98.76092076301575
อบต.ดอนหว่าน,ต.ดอนหว่าน อ.เมืองมหาสารคาม จ.มหาสารคาม,16:00 น.,2,16.008185606047675,103.31903457641602
บ้านน้ำน้อยเหนือ,ต.ช้างกลาง อ.ช้างกลาง จ.นครศรีธรรมราช,15:00 น.,2,8.383584150471545,99.61928129196167
บ้านแม่เหาะ,ต.แม่เหาะ อ.แม่สะเรียง จ.แม่ฮ่องสอน,15:00 น.,2,18.156276110806676,98.07299852371216
ท่อทองแดง1,ต.หนองปลิง อ.เมืองกำแพงเพชร จ.กำแพงเพชร,16:00 น.,2,16.497102867262555,99.51962113380432
บ้านในช่อง,ต.สองแพรก อ.ชัยบุรี จ.สุราษฎร์ธานี,15:00 น.,2,8.491637436378953,99.13899958133698
บ้านปากเนียม,ต.ห้วยพิชัย อ.ปากชม จ.เลย,15:00 น.,2,18.055707603912804,101.9299989938736
บ้านนาริน,ต.ผาปัง อ.แม่พริก จ.ลำปาง,15:00 น.,2,17.574438510023416,99.0800017118454
บ้านโล๊ะจังกระ,ต.คลองเฉลิม อ.กงหรา จ.พัทลุง,15:00 น.,2,7.330097648791823,99.9839973449707
ส.คลองเจ้าคุณสิงห์,ต.วังทองหลาง อ.วังทองหลาง จ.กรุงเทพมหานคร,16:00 น.,2,13.761598188456308,100.61524987220764
บ้านท่าเดื่อ,ต.นิคมกระเสียว อ.ด่านช้าง จ.สุพรรณบุรี,15:00 น.,2,14.872319989911933,99.5690006017685
ที่ทำการกำนันตำบลลาดชิด,ต.ลาดชิด อ.ผักไห่ จ.พระนครศรีอยุธยา,16:00 น.,2,14.441418127308877,100.35563349723816
บ้านแม่ทัง,ต.หางดง อ.ฮอด จ.เชียงใหม่,15:00 น.,2,18.15567462434218,98.60499858856201
ส.คลองบางซื่อ,ต.ถนนนครไชยศรี อ.ดุสิต จ.กรุงเทพมหานคร,16:00 น.,2,13.800230309389123,100.51848113536835
บ้านชานเมือง,ต.ปางหมู อ.เมืองแม่ฮ่องสอน จ.แม่ฮ่องสอน,15:00 น.,2,19.31277350248381,97.98500061035156
บ้านแซะ,ต.สะกอม อ.เทพา จ.สงขลา,15:00 น.,2,6.861720421123454,100.82499861717224
เขตทวีวัฒนา,ต.ทวีวัฒนา อ.ทวีวัฒนา จ.กรุงเทพมหานคร,16:00 น.,2,13.772810758590895,100.35324096679688
บ้านวังพา,ต.ทุ่งตำเสา อ.หาดใหญ่ จ.สงขลา,15:00 น.,2,6.898463038722121,100.26199758052826
คลองแสนแสบ บางกะปิ,ต.หัวหมาก อ.บางกะปิ จ.กรุงเทพมหานคร,16:00 น.,1.8,13.761332456463677,100.61600089073181
หน่วยจัดการต้นน้ำแม่ถา,ต.ยาบหัวนา อ.เวียงสา จ.น่าน,16:00 น.,1.8,18.516405232570804,100.40299594402313
ประปาหมู่บ้านมหาราช,ต.แม่พูล อ.ลับแล จ.อุตรดิตถ์,16:00 น.,1.8,17.744727065631768,100.00750958919525
แม่จัน,ต.แม่จัน อ.แม่จัน จ.เชียงราย,16:00 น.,1.8,20.15757241804222,99.85961258411407
อบต.พลูตาหลวง,ต.พลูตาหลวง อ.สัตหีบ จ.ชลบุรี,16:00 น.,1.8,12.698574829667415,100.97621083259583
ฝ่ายส่งน้ำและบำรุงรักษาที่ 2,ต.เมืองเล็น อ.สันทราย จ.เชียงใหม่,16:00 น.,1.8,18.88420368500694,99.08288776874542
สำนักสงฆ์เซปะหละ,ต.แม่ละมุ้ง อ.อุ้มผาง จ.ตาก,16:00 น.,1.8,15.814892559822086,98.87887358665466
สำนักงานเกษตรอำเภอบางสะพาน,ต.กำเนิดนพคุณ อ.บางสะพาน จ.ประจวบคีรีขันธ์,16:00 น.,1.8,11.241825593860401,99.48108315467834
ทต.ภูเรือ,ต.หนองบัว อ.ภูเรือ จ.เลย,16:00 น.,1.8,17.45779074137684,101.36068940162659
ทม.บ้านทุ่ม,ต.บ้านทุ่ม อ.เมืองขอนแก่น จ.ขอนแก่น,16:00 น.,1.8,16.444456244257072,102.72511303424835
อบต.ไล่โว่,ต.ไล่โว่ อ.สังขละบุรี จ.กาญจนบุรี,16:00 น.,1.8,15.187603397514238,98.47718596458435
ปตร.ตุยง,ต.ตุยง อ.หนองจิก จ.ปัตตานี,16:00 น.,1.8,6.8360004986771,101.17196381092072
คลองแม่น้ำใน,ต.หนองหมู อ.วิหารแดง จ.สระบุรี,16:00 น.,1.8,14.301662231925413,100.9451562166214
อบต.ท่ากระดาน,ต.วังเย็น อ.สนามชัยเขต จ.ฉะเชิงเทรา,16:00 น.,1.6,13.669303370189702,101.59209966659546
น้ำตกแม่พูล,ต.แม่พูล อ.ลับแล จ.อุตรดิตถ์,16:00 น.,1.6,17.729102451489894,99.97808039188385
บ้านตอง,ต.แม่จริม อ.แม่จริม จ.น่าน,16:00 น.,1.6,18.846537935692822,101.02888405323029
ชุมชนบ้านทับคริสต์,ต.คลองชะอุ่น อ.พนม จ.สุราษฎร์ธานี,16:00 น.,1.6,8.750261536090335,98.80191564559937
คลองมหาชัย วัดพันท้ายนรสิงห์,ต.พันท้ายนรสิงห์ อ.เมืองสมุทรสาคร จ.สมุทรสาคร,16:00 น.,1.6,13.581795754524574,100.36584734916687
บ้านแพ้ว,ต.หนองบัว อ.บ้านแพ้ว จ.สมุทรสาคร,16:00 น.,1.6,13.57559574479591,100.07887244224548
ชุมชนบ้านท่าด่าน,ต.ดอนรัก อ.หนองจิก จ.ปัตตานี,16:00 น.,1.6,6.8347168630552275,101.20041131973267
หน่วยศึกษาการพัฒนาการอนุรักษ์ต้นน้ำน้ำคาง (ดอยวาว),ต.ศรีภูมิ อ.ท่าวังผา จ.น่าน,16:00 น.,1.6,19.13900573802194,100.64089179039001
ทต.โป่งน้ำร้อน,ต.โป่งน้ำร้อน อ.โป่งน้ำร้อน จ.จันทบุรี,16:00 น.,1.6,12.90512875078496,102.26643919944763
อบต.ด่านชุมพล,ต.ด่านชุมพล อ.บ่อไร่ จ.ตราด,16:00 น.,1.6,12.444727581496986,102.63006627559662
บ้านช่างเคิ่ง,ต.บ้านตาล อ.ฮอด จ.เชียงใหม่,15:00 น.,1.5,18.099329727868827,98.68699908256531
บ้านห้วยต่อ,ต.ไม้ฝาด อ.สิเกา จ.ตรัง,15:00 น.,1.5,7.5424173978897855,99.39799904823303
บ้านห้วยขวาก,ต.บ่อเกลือเหนือ อ.บ่อเกลือ จ.น่าน,15:00 น.,1.5,19.347969603395615,101.14199817180634
บ้านผากระเจ้อ,ต.พบพระ อ.พบพระ จ.ตาก,15:00 น.,1.5,16.40005510071951,98.73400211334229
บ้านถ้ำเวียงแก,ต.นาไร่หลวง อ.สองแคว จ.น่าน,15:00 น.,1.5,19.31020677073872,100.75100183486938
บ้านโนนเขวา,ต.โนนทอง อ.เกษตรสมบูรณ์ จ.ชัยภูมิ,15:00 น.,1.5,16.32160670334331,101.86999797821045
บ้านแม่วังช้าง,ต.พระธาตุขิงแกง อ.จุน จ.พะเยา,15:00 น.,1.5,19.281615618605684,100.22499918937683
บ้านน้ำพุ,ต.คอกควาย อ.บ้านไร่ จ.อุทัยธานี,15:00 น.,1.5,15.248890829302006,99.4679993391037
บ้านห้วยโผ,ต.แม่ยวม อ.แม่สะเรียง จ.แม่ฮ่องสอน,15:00 น.,1.5,18.030260611747835,97.9039978981018
บ้านกาญจนา,ต.แม่ลาว อ.เชียงคำ จ.พะเยา,15:00 น.,1.5,19.422644406570157,100.3600001335144
บ้านวังรี,ต.เขาพระ อ.เมืองนครนายก จ.นครนายก,15:00 น.,1.5,14.333769013981707,101.19593739509583
ท่าพระ สกษ.,ต.ท่าพระ อ.เมืองขอนแก่น จ.ขอนแก่น,16:00 น.,1.5,16.333334017100913,102.8166675567627
บ้านห้วยหลักลาย,ต.อวน อ.ปัว จ.น่าน,15:00 น.,1.5,18.985863940765253,101.06500267982483
บ้านหัวเตย,ต.ท่าอุแท อ.กาญจนดิษฐ์ จ.สุราษฎร์ธานี,15:00 น.,1.5,9.040796124417039,99.71161901950836
บ้านเขาหวาย,ต.บางบุตร อ.บ้านค่าย จ.ระยอง,15:00 น.,1.5,12.874417423559834,101.47098183631897
ขอนแก่น,ต.บ้านเป็ด อ.เมืองขอนแก่น จ.ขอนแก่น,16:00 น.,1.5,16.46110984528612,102.78972208499908
บ้านใหม่ศรีนคร,ต.แม่เล่ย์ อ.แม่วงก์ จ.นครสวรรค์,15:00 น.,1.5,15.788098167944364,99.45899784564972
บ้านปางสวรรค์,ต.คอกควาย อ.บ้านไร่ จ.อุทัยธานี,14:00 น.,1.5,15.20317023073344,99.41999852657318
บ้านห้วยหินลับ,ต.ทุ่งใส อ.สิชล จ.นครศรีธรรมราช,15:00 น.,1.5,9.079250611675432,99.83200192451477
บ้านปางแฟน,ต.ป่าเมี่ยง อ.ดอยสะเก็ด จ.เชียงใหม่,15:00 น.,1.5,19.015652582199728,99.3039983510971
บ้านดงสามหมื่น,ต.บ้านจันทร์ อ.กัลยาณิวัฒนา จ.เชียงใหม่,15:00 น.,1.5,19.028777570471735,98.41599941253662
บ้านขุนกลาง,ต.บ้านหลวง อ.จอมทอง จ.เชียงใหม่,15:00 น.,1.5,18.53855645003312,98.52400124073029
บ้านห้วยเลา,ต.ชนแดน อ.สองแคว จ.น่าน,15:00 น.,1.5,19.51666649026044,100.63099980354309
บ้านบ่อหอย,ต.ยาบหัวนา อ.เวียงสา จ.น่าน,15:00 น.,1.5,18.50266037131472,100.40000259876251
บ้านโคกทัง,ต.พิจิตร อ.นาหม่อม จ.สงขลา,15:00 น.,1.5,6.981247281753932,100.59299826622009
บ้านขุนป๋วย,ต.แม่วิน อ.แม่วาง จ.เชียงใหม่,15:00 น.,1.5,18.60319817388175,98.60999822616577
บ้านวังว้า*,ต.ริม อ.ท่าวังผา จ.น่าน,15:00 น.,1.5,19.12368475080277,100.80999970436096
เขตวังทองหลาง,ต.วังทองหลาง อ.วังทองหลาง จ.กรุงเทพมหานคร,16:00 น.,1.5,13.76434927766517,100.60552954673767
บ้านแม่หวาน,ต.ป่าเมี่ยง อ.ดอยสะเก็ด จ.เชียงใหม่,15:00 น.,1.5,18.95787612427548,99.23399806022644
วัดขนอนใต้,ต.บ้านกรด อ.บางปะอิน จ.พระนครศรีอยุธยา,16:00 น.,1.4,14.288234965330444,100.61132848262787
อบต.หนองพันทา,ต.หนองพันทา อ.โซ่พิสัย จ.บึงกาฬ,16:00 น.,1.4,18.10735534361925,103.41308355331421
คลองสรอย วัดแม่ขมวก,ต.สรอย อ.วังชิ้น จ.แพร่,16:00 น.,1.4,17.774960754823844,99.46938335895538
พนมสารคาม,ต.เกาะขนุน อ.พนมสารคาม จ.ฉะเชิงเทรา,16:00 น.,1.4,13.72659192516162,101.35295927524567
ทต.ท่ายาง,ต.ท่ายาง อ.ท่ายาง จ.เพชรบุรี,16:00 น.,1.4,12.963345979531718,99.89839732646942
คลองผันน้ำยม-น่าน3,ต.คอรุม อ.พิชัย จ.อุตรดิตถ์,16:00 น.,1.4,17.292523740073847,100.07766544818878
วิภาวดี,ต.ตะกุกเหนือ อ.วิภาวดี จ.สุราษฎร์ธานี,16:00 น.,1.4,9.20642978571541,98.95248413085938
สะพานข้ามคลองห้วยกรวด,ต.เกาะขันธ์ อ.ชะอวด จ.นครศรีธรรมราช,16:00 น.,1.4,7.876820635003764,99.9333143234253
อบต.เขาทอง,ต.เขาทอง อ.พยุหะคีรี จ.นครสวรรค์,16:00 น.,1.4,15.57072728746611,100.18320500850677
แม่สรวย,ต.แม่สรวย อ.แม่สรวย จ.เชียงราย,16:00 น.,1.4,19.652615938035073,99.53791379928589
พิพิธภัณฑ์ธรรมชาติจัดการน้ำชุมชนฯ บ้านปากซวด,ต.พังกาญจน์ อ.พนม จ.สุราษฎร์ธานี,16:00 น.,1.4,8.900033387057677,98.80355715751648
ท้ายปตร.มะขามเฒ่า-อู่ทอง,ต.มะขามเฒ่า อ.วัดสิงห์ จ.ชัยนาท,16:00 น.,1.2,15.222312701607844,100.06234467029572
ท้ายฝายหัวนา,ต.หนองแก้ว อ.กันทรารมย์ จ.ศรีสะเกษ,16:00 น.,1.2,15.134428342376692,104.7028398513794
สะพานโยธกา,ต.บางเตย อ.บ้านสร้าง จ.ปราจีนบุรี,16:00 น.,1.2,13.974966305910534,101.14306569099426
อบต.พบพระ,ต.พบพระ อ.พบพระ จ.ตาก,16:00 น.,1.2,16.416182497605423,98.68692934513092
ระนอง,ต.บางนอน อ.เมืองระนอง จ.ระนอง,16:00 น.,1.2,9.983332157111594,98.6166661977768
ทต.ไก่คำ,ต.ไก่คำ อ.เมืองอำนาจเจริญ จ.อำนาจเจริญ,16:00 น.,1.2,15.788051709451004,104.64223265647888
ทต.บ้านลาด,ต.บ้านลาด อ.บ้านลาด จ.เพชรบุรี,16:00 น.,1.2,13.049650750662991,99.91615891456604
ที่ว่าการอำเภอสุคีริน,ต.สุคิริน อ.สุคิริน จ.นราธิวาส,16:00 น.,1.2,5.940164662058224,101.77136778831482
อบต.โพธิ์ทอง,ต.โพธิ์ทอง อ.เสลภูมิ จ.ร้อยเอ็ด,16:00 น.,1.2,16.12730403250279,104.11496937274933
หน่วยจัดการต้นน้ำขุนแม่แจ่ม,ต.แม่แดด อ.กัลยาณิวัฒนา จ.เชียงใหม่,16:00 น.,1.2,19.01635754404907,98.4133118391037
เหนือปตร.พระนารายน์,ต.ท่าหลวง อ.ท่าเรือ จ.พระนครศรีอยุธยา,16:00 น.,1.2,14.558319760420343,100.76206862926483
หน่วยพิทักษ์อุทยานแห่งชาติที่ มร. ๑ (ห้วยเต่า),ต.น้ำพาง อ.แม่จริม จ.น่าน,16:00 น.,1.2,18.586668863082263,101.06919229030609
ท้ายปตร.พระนารายน์,ต.ท่าหลวง อ.ท่าเรือ จ.พระนครศรีอยุธยา,16:00 น.,1.2,14.5567101784617,100.76200425624847
อบต.พรหมพิราม,ต.พรหมพิราม อ.พรหมพิราม จ.พิษณุโลก,16:00 น.,1.2,17.021697509962635,100.19211530685425
ทุ่งใหญ่,ต.บางรูป อ.ทุ่งใหญ่ จ.นครศรีธรรมราช,16:00 น.,1.2,8.414571039606463,99.2497855424881
หน่วยจัดการต้นน้ำดอยตุง,ต.แม่ฟ้าหลวง อ.แม่ฟ้าหลวง จ.เชียงราย,16:00 น.,1.2,20.323701653440978,99.78436052799225
ประโคนชัย,ต.ไพศาล อ.ประโคนชัย จ.บุรีรัมย์,16:00 น.,1.2,14.63301735124034,103.23046267032623
บางปะอิน,ต.ขนอนหลวง อ.บางปะอิน จ.พระนครศรีอยุธยา,16:00 น.,1.2,14.304479620392506,100.56643903255463
ตราด,ต.คลองใหญ่ อ.คลองใหญ่ จ.ตราด,16:00 น.,1.1,11.766668216483176,102.88333117961884
พระนครศรีอยุธยา,ต.ท่าเจ้าสนุก อ.ท่าเรือ จ.พระนครศรีอยุธยา,16:00 น.,1.1,14.534720045514385,100.72500050067902
บ้านผาฮี้ (อาข่า),ต.โป่งงาม อ.แม่สาย จ.เชียงราย,13:00 น.,1,20.351688588284134,99.82599914073944
เกาะลันตา,ต.เกาะลันตาใหญ่ อ.เกาะลันตา จ.กระบี่,16:00 น.,1,7.533334150038908,99.04999852180481
พัทลุง สกษ.,ต.ลำปำ อ.เมืองพัทลุง จ.พัทลุง,16:00 น.,1,7.5833321893483925,100.16666650772095
สะพานแม่เล่ย์,ต.แม่เล่ย์ อ.แม่วงก์ จ.นครสวรรค์,16:00 น.,1,15.841719527027593,99.41807270050049
สุพรรณบุรี,ต.ท่าระหัด อ.เมืองสุพรรณบุรี จ.สุพรรณบุรี,13:00 น.,1,14.474444970281448,100.13888955116272
ปทุมธานี สกษ.,ต.คลองหนึ่ง อ.คลองหลวง จ.ปทุมธานี,16:00 น.,1,14.099997706450385,100.6166660785675
นครสวรรค์,ต.กลางแดด อ.เมืองนครสวรรค์ จ.นครสวรรค์,16:00 น.,1,15.67183118688228,100.13236105442047
บ้านโป่งนก,ต.บ้านสหกรณ์ อ.แม่ออน จ.เชียงใหม่,15:00 น.,1,18.80718292041245,99.22800064086914
ทต.เวียงพางคำ,ต.เวียงพางคำ อ.แม่สาย จ.เชียงราย,16:00 น.,1,20.40354959463141,99.88572657108307
บางตาเถร,ต.บางตาเถร อ.สองพี่น้อง จ.สุพรรณบุรี,16:00 น.,1,14.156623135247882,100.12740969657898
เคียนซา,ต.เคียนซา อ.เคียนซา จ.สุราษฎร์ธานี,15:00 น.,1,8.85069925644807,99.19711232185364
ลำเชิญ อ.บ้านแท่น (ท้ายฝายน้ำเชิญ),ต.บ้านดอน อ.ภูเขียว จ.ชัยภูมิ,15:00 น.,1,16.278500988833148,102.2963297367096
บ้านห้วยบงใหม่,ต.แม่จะเรา อ.แม่ระมาด จ.ตาก,15:00 น.,1,16.879871788936622,98.5779994726181
น้ำพรม อ.เกษตรสมบูรณ์,ต.บ้านหัน อ.เกษตรสมบูรณ์ จ.ชัยภูมิ,15:00 น.,1,16.30651151425303,101.98258101940155
บ้านเขาจันทร์,ต.หนองธง อ.ป่าบอน จ.พัทลุง,15:00 น.,1,7.2016990354292885,100.09199917316437
บ้านน้ำเลียง,ต.ปอน อ.ทุ่งช้าง จ.น่าน,15:00 น.,1,19.565183572249932,100.92199802398682
บ้านห้วยทราย,ต.แม่เจดีย์ อ.เวียงป่าเป้า จ.เชียงราย,15:00 น.,1,19.163532574814763,99.34499859809875
บ้านกุ่มเนิ้งใต้,ต.แม่มอก อ.เถิน จ.ลำปาง,15:00 น.,1,17.59253617857311,99.33099746704102
บางตะบูน,ต.บางตะบูนออก อ.บ้านแหลม จ.เพชรบุรี,16:00 น.,1,13.265557221884588,99.94175255298615
บ้านอ่าวกลาง,ต.วังมะปรางเหนือ อ.วังวิเศษ จ.ตรัง,15:00 น.,1,7.7690639783280915,99.36500251293182
บ้านคะแนง,ต.แม่ลาว อ.เชียงคำ จ.พะเยา,15:00 น.,1,19.429059264623078,100.46999752521515
อบต.ทับใต้,ต.ทับใต้ อ.หัวหิน จ.ประจวบคีรีขันธ์,16:00 น.,1,12.490318411424646,99.9043196439743
บ่อสูบศาลอาญารัชดา,ต.จอมพล อ.จตุจักร จ.กรุงเทพมหานคร,16:00 น.,1,13.80966985039237,100.57497918605804
บ้านหนองหว้า,ต.ทุ่งยาว อ.ปะเหลียน จ.ตรัง,15:00 น.,1,7.235594208803282,99.77099776268005
บ้านต้นปริง,ต.คลองหรัง อ.นาหม่อม จ.สงขลา,15:00 น.,1,6.902963134856189,100.5739974975586
อบต.เทพราช,ต.เทพราช อ.สิชล จ.นครศรีธรรมราช,16:00 น.,1,8.858061635779965,99.86363589763641
อบต.สินปุน,ต.สินปุน อ.เขาพนม จ.กระบี่,16:00 น.,1,8.252195555621057,99.27448868751526
ตะกั่วป่า,ต.ตำตัว อ.ตะกั่วป่า จ.พังงา,16:00 น.,1,8.775848014071634,98.39027166366577
ซ.สะพานขวา ,ต.บางซื่อ อ.บางซื่อ จ.กรุงเทพมหานคร,16:00 น.,1,13.805007431952372,100.52843749523163
เชียงดาว,ต.เชียงดาว อ.เชียงดาว จ.เชียงใหม่,16:00 น.,1,19.367267796102457,98.96888315677643
จุดวัด ค.แสนแสบ-เขตบางกะปิ,ต.หัวหมาก อ.บางกะปิ จ.กรุงเทพมหานคร,12:00 น.,1,13.76528193106894,100.64773142337799
บ้านประชาธิปไตย,ต.ชุมโค อ.ปะทิว จ.ชุมพร,15:00 น.,1,10.79241719629852,99.34100210666656
บ้านแจ่มน้อย,ต.แจ่มหลวง อ.กัลยาณิวัฒนา จ.เชียงใหม่,15:00 น.,1,19.03052208126751,98.34500133991241
บ้านเหนือคลอง,ต.บ้านส้อง อ.เวียงสระ จ.สุราษฎร์ธานี,15:00 น.,1,8.634188469621371,99.41799759864807
บ้านแม่หงานหลวง,ต.ปางหินฝน อ.แม่แจ่ม จ.เชียงใหม่,15:00 น.,1,18.597747898201,98.24400007724762
บ้านเทพนิมิตร,ต.ปากฉลุย อ.ท่าฉาง จ.สุราษฎร์ธานี,15:00 น.,1,9.37046154216107,98.86000156402588
ส.คลองเลนเปน,ต.แสมดำ อ.บางขุนเทียน จ.กรุงเทพมหานคร,16:00 น.,1,13.607000850750984,100.41310787200928
บ้านบางหอย,ต.เขาต่อ อ.ปลายพระยา จ.กระบี่,15:00 น.,1,8.641120240987867,98.77699792385101
ส.คลองระหาญ,ต.แสมดำ อ.บางขุนเทียน จ.กรุงเทพมหานคร,16:00 น.,1,13.603809952189277,100.39464890956879
หลังสวน,ต.ขันเงิน อ.หลังสวน จ.ชุมพร,16:00 น.,1,9.953406787685166,99.06440734863281
เมืองขอนแก่น,ต.ท่าพระ อ.เมืองขอนแก่น จ.ขอนแก่น,16:00 น.,1,16.32593631512734,102.78598845005035
บ้านทุ่งอินทนิน,ต.บางขัน อ.บางขัน จ.นครศรีธรรมราช,15:00 น.,1,8.077813918571325,99.42600131034851
ทต.บ้านเต่า,ต.บ้านเต่า อ.บ้านแท่น จ.ชัยภูมิ,16:00 น.,1,16.355628386586147,102.37859845161438
เมืองสตูล,ต.ฉลุง อ.เมืองสตูล จ.สตูล,16:00 น.,1,6.7266661245663375,100.0625592470169
บ้านน้ำรอบ,ต.ลานสกา อ.ลานสกา จ.นครศรีธรรมราช,15:00 น.,1,8.305843387438399,99.7849988937378
หน่วยจัดการต้นน้ำบ่อแก้ว,ต.แม่นาจร อ.แม่แจ่ม จ.เชียงใหม่,16:00 น.,1,18.868625710448022,98.50515067577362
เมืองชัยภูมิ,ต.บ้านค่าย อ.เมืองชัยภูมิ จ.ชัยภูมิ,16:00 น.,1,15.681613450686337,102.00952112674713
หน่วยพิทักษ์ป่าเขาปันโส,ต.คอกควาย อ.บ้านไร่ จ.อุทัยธานี,16:00 น.,1,15.239579808996698,99.40894782543182
บ้านวังลุง,ต.ทอนหงส์ อ.พรหมคีรี จ.นครศรีธรรมราช,15:00 น.,1,8.591056946601025,99.77799832820892
บ้านสะพานลาว,ต.สหกรณ์นิคม อ.ทองผาภูมิ จ.กาญจนบุรี,15:00 น.,1,14.72579195942342,98.78300070762634
หน่วยจัดการต้นน้ำแม่กลาง,ต.บ้านหลวง อ.จอมทอง จ.เชียงใหม่,16:00 น.,1,18.533180402625185,98.52240800857544
บ้านน้ำกุ่ม,ต.น้ำกุ่ม อ.นครไทย จ.พิษณุโลก,15:00 น.,1,17.347781212220575,100.85800051689148
บ้านหนองหอย,ต.แม่แรม อ.แม่ริม จ.เชียงใหม่,15:00 น.,1,18.93018299350249,98.82400095462799
บ้านอุ้มเปี้ยม,ต.คีรีราษฎร์ อ.พบพระ จ.ตาก,15:00 น.,1,16.42300047471379,99.00500178337097
บ้านขุนห้วยแม่ต้าน,ต.แม่ต้าน อ.ท่าสองยาง จ.ตาก,15:00 น.,1,17.271742840279448,98.23699951171875
สะพานข้ามคลองหวาด,ต.คลองสระ อ.กาญจนดิษฐ์ จ.สุราษฎร์ธานี,16:00 น.,1,8.935932666086208,99.60874021053314
เมืองสุรินทร์,ต.ตระแสง อ.เมืองสุรินทร์ จ.สุรินทร์,16:00 น.,1,14.875555225747867,103.37884247303009
โรงเรียนนิคมสร้างตนเองพัฒนาภาคใต้ 1,ต.ตลิ่งชัน อ.บันนังสตา จ.ยะลา,16:00 น.,1,6.3125312931072655,101.36104881763458
รร.กองม่องทะ สาขาไล่โว่,ต.ไล่โว่ อ.สังขละบุรี จ.กาญจนบุรี,16:00 น.,1,15.309311852149005,98.5098123550415
บ้านปางข้าวสาร,ต.แม่เล่ย์ อ.แม่วงก์ จ.นครสวรรค์,15:00 น.,1,15.840501604123624,99.3229991197586
อุทยานแห่งชาติตาดโตน,ต.นาฝาย อ.เมืองชัยภูมิ จ.ชัยภูมิ,16:00 น.,1,15.984459609004578,102.03772723674774
บ้านผาแดงหลวง,ต.แม่โถ อ.แม่ลาน้อย จ.แม่ฮ่องสอน,15:00 น.,1,18.57510095082046,98.0180025100708
บ้านใหม่ไทยถาวร,ต.ทัพราช อ.ตาพระยา จ.สระแก้ว,15:00 น.,1,14.094722007302938,102.69465923309326
บ้านแม่แลบ,ต.แม่ลาน้อย อ.แม่ลาน้อย จ.แม่ฮ่องสอน,15:00 น.,1,18.37930921991803,97.8769987821579
บ้านแพมบก,ต.ทุ่งยาว อ.ปาย จ.แม่ฮ่องสอน,15:00 น.,1,19.3234450038356,98.39399993419647
บ้านใหม่พัฒนา,ต.แม่อูคอ อ.ขุนยวม จ.แม่ฮ่องสอน,15:00 น.,1,18.842953664097216,97.99700081348419
บ้านพุไทร,ต.ห้วยแม่เพรียง อ.แก่งกระจาน จ.เพชรบุรี,15:00 น.,1,12.857865317413387,99.5520168542862
ทต.ทับช้าง,ต.ทับช้าง อ.สอยดาว จ.จันทบุรี,16:00 น.,1,13.23460873162573,102.18733012676239
บ้านมาแน,ต.ยะหา อ.ยะหา จ.ยะลา,15:00 น.,1,6.492504435448167,101.11470937728882
บ้านป่าคลอก,ต.ป่าคลอก อ.ถลาง จ.ภูเก็ต,15:00 น.,1,8.020719877095212,98.4094762802124
บ้านปางน้ำฮ้าย,ต.ท่าก๊อ อ.แม่สรวย จ.เชียงราย,15:00 น.,1,19.497097804720706,99.55900132656097
อบต.โพธิ์ประทับช้าง,ต.โพธิ์ประทับช้าง อ.โพธิ์ประทับช้าง จ.พิจิตร,16:00 น.,1,16.310630371722077,100.29538571834564
บ้านดอนที,ต.ริมโขง อ.เชียงของ จ.เชียงราย,15:00 น.,1,20.380987950684524,100.26500165462494
บ้านปางมะโอ,ต.ผาช้างน้อย อ.ปง จ.พะเยา,15:00 น.,1,19.35820860901182,100.50900220870972
บ้านนาฝ่า,ต.จอมพระ อ.ท่าวังผา จ.น่าน,15:00 น.,1,19.074635882745284,100.87000072002411
บ้านน้ำไคร้,ต.ยม อ.ท่าวังผา จ.น่าน,15:00 น.,1,19.062462659875326,100.92800080776215
บ้านนาหนุน 3,ต.แสนทอง อ.ท่าวังผา จ.น่าน,15:00 น.,1,19.135899083469525,100.78800022602081
บ้านคลองพระยา,ต.ปลายพระยา อ.ปลายพระยา จ.กระบี่,07:00 น.,1,8.485636744266479,98.89432847499847
บ้านสามพัน*,ต.ไทรขึง อ.พระแสง จ.สุราษฎร์ธานี,15:00 น.,1,8.551734671324926,99.14243817329407
หัวหิน,ต.หัวหิน อ.หัวหิน จ.ประจวบคีรีขันธ์,16:00 น.,0.9,12.577858111981385,99.9539190530777
เสนา,ต.เจ้าเสด็จ อ.เสนา จ.พระนครศรีอยุธยา,16:00 น.,0.8,14.319730332978192,100.37952661514282
ลำน้ำยัง,ต.แวง อ.โพนทอง จ.ร้อยเอ็ด,16:00 น.,0.8,16.32054101661247,104.02246534824371
ปตร. คลองลัดบางยอ 1,ต.บางยอ อ.พระประแดง จ.สมุทรปราการ,16:00 น.,0.8,13.676147251191265,100.5531245470047
สะพานนวลฉวี,ต.บ้านใหม่ อ.ปากเกร็ด จ.นนทบุรี,16:00 น.,0.8,13.947525752208934,100.53503572940826
พรหมบุรี,ต.พรหมบุรี อ.พรหมบุรี จ.สิงห์บุรี,16:00 น.,0.8,14.790941003862292,100.45182824134827
สะพานธรรมจักร(วัดธรรมามูล),ต.ธรรมามูล อ.เมืองชัยนาท จ.ชัยนาท,16:00 น.,0.8,15.250288223058444,100.08346438407898
อบต.บ้านไผ่,ต.ในเมือง อ.บ้านไผ่ จ.ขอนแก่น,16:00 น.,0.8,16.116595161682792,102.70674526691437
คลองพระปรง,ต.ศาลาลำดวน อ.เมืองสระแก้ว จ.สระแก้ว,16:00 น.,0.8,13.937352498693727,101.92200064659119
ศูนย์อปพร.อบต.ลาดยาว,ต.ลาดยาว อ.ลาดยาว จ.นครสวรรค์,16:00 น.,0.8,15.762859369383925,99.74133253097534
ทต.ราไวย์,ต.ราไวย์ อ.เมืองภูเก็ต จ.ภูเก็ต,16:00 น.,0.8,7.770802038287509,98.31874787807465
คลองลำปลาทิว ลาดกระบัง,ต.ลาดกระบัง อ.ลาดกระบัง จ.กรุงเทพมหานคร,16:00 น.,0.8,13.740682601981208,100.79468429088593
หน่วยจัดการต้นน้ำซองกาเลีย,ต.หนองลู อ.สังขละบุรี จ.กาญจนบุรี,16:00 น.,0.8,15.215738820170666,98.38668286800385
อบต.นครชัยศรี,ต.นครชัยศรี อ.นครชัยศรี จ.นครปฐม,16:00 น.,0.8,13.790363184707694,100.1904684305191
สถานีควบคุมไฟป่าภูสิงห์ภูผาผึ้ง-ภูสระดอกบัว,ต.หนองมะแซว อ.เมืองอำนาจเจริญ จ.อำนาจเจริญ,16:00 น.,0.8,15.88589522575085,104.73023593425751
ชุมชนบ้านแม่ละอุป,ต.แม่แดด อ.แม่แจ่ม จ.เชียงใหม่,16:00 น.,0.8,19.00122302817533,98.27116012573242
สะพานห้วยบังบาต,ต.หนองเดิ่น อ.บุ่งคล้า จ.บึงกาฬ,16:00 น.,0.8,18.28267449137665,103.88073205947876
รร.กองม่องทะ สาขาสะละวะ,ต.ไล่โว่ อ.สังขละบุรี จ.กาญจนบุรี,16:00 น.,0.8,15.344161409684308,98.52554082870483
สนามกีฬา อบต.ป่าคาหลวง,ต.ป่าคาหลวง อ.บ้านหลวง จ.น่าน,16:00 น.,0.8,18.85288383601223,100.43496787548065
ที่ว่าการอำเภอทุ่งช้าง,ต.ทุ่งช้าง อ.ทุ่งช้าง จ.น่าน,16:00 น.,0.8,19.386639608069014,100.87582647800446
ท่าเรือ,ต.ท่าเรือ อ.ท่าเรือ จ.พระนครศรีอยุธยา,16:00 น.,0.8,14.56014220676329,100.71987748146057
อบต.ปากแคว,ต.ปากแคว อ.เมืองสุโขทัย จ.สุโขทัย,16:00 น.,0.6,17.014044252438925,99.81418132781982
อบต.ท่าเสา,ต.ท่าเสา อ.โพทะเล จ.พิจิตร,16:00 น.,0.6,15.990013632343672,100.22160351276398
อบต.ปลายโพงพาง,ต.ปลายโพงพาง อ.อัมพวา จ.สมุทรสงคราม,16:00 น.,0.6,13.384933240962857,99.92698431015015
สนามทับทุ่ม บ้านวังนาใน หมู่ที่ 10,ต.น้ำผุด อ.ละงู จ.สตูล,16:00 น.,0.6,7.13570555388969,99.93731081485748
สามพราน,ต.หอมเกร็ด อ.สามพราน จ.นครปฐม,16:00 น.,0.6,13.792139714472649,100.19816100597382
ปากคลองพระองค์เจ้าฯ (บางน้ำเปรี้ยว),ต.บางน้ำเปรี้ยว อ.บางน้ำเปรี้ยว จ.ฉะเชิงเทรา,16:00 น.,0.6,13.838215362719076,100.96656024456024
สถานีวิจัยต้นน้ำคีรีวง,ต.กำโลน อ.ลานสกา จ.นครศรีธรรมราช,16:00 น.,0.6,8.432135721676811,99.76882517337799
ทต.ดอนอะราง,ต.ดอนอะราง อ.หนองกี่ จ.บุรีรัมย์,16:00 น.,0.6,14.586999489781698,102.49561250209808
ทต.กันทรารมย์,ต.ดูน อ.กันทรารมย์ จ.ศรีสะเกษ,16:00 น.,0.6,15.105261822942218,104.5686274766922
เมืองศรีสะเกษ,ต.เมืองเหนือ อ.เมืองศรีสะเกษ จ.ศรีสะเกษ,16:00 น.,0.6,15.118126243102001,104.31859731674194
แม่สะเรียง,ต.บ้านกาศ อ.แม่สะเรียง จ.แม่ฮ่องสอน,13:00 น.,0.6,18.166669245762503,97.93333053588867
สะพานบังอี่,ต.โพธิ์ไทร อ.ดอนตาล จ.มุกดาหาร,16:00 น.,0.6,16.345832766161653,104.88988637924194
สถานีตำรวจภูธรกะพ้อ,ต.กะรุบี อ.กะพ้อ จ.ปัตตานี,16:00 น.,0.6,6.560148414794435,101.53407275676727
ทต.มายอ,ต.มายอ อ.มายอ จ.ปัตตานี,16:00 น.,0.6,6.718131409692922,101.41407608985901
อบต.คลองเฉลิม,ต.คลองเฉลิม อ.กงหรา จ.พัทลุง,16:00 น.,0.6,7.381901093381868,99.98011350631714
ทม.สะเดา,ต.สะเดา อ.สะเดา จ.สงขลา,16:00 น.,0.6,6.638344318704112,100.42475402355194
ทต.ท่าขนุน,ต.ท่าขนุน อ.ทองผาภูมิ จ.กาญจนบุรี,16:00 น.,0.6,14.74410040147905,98.64232957363129
อบต.ปางหมู,ต.ปางหมู อ.เมืองแม่ฮ่องสอน จ.แม่ฮ่องสอน,16:00 น.,0.6,19.33381209511772,97.96574771404266
ปาย,ต.เวียงเหนือ อ.ปาย จ.แม่ฮ่องสอน,16:00 น.,0.6,19.373882202812144,98.43968331813812
ทต.วังใหม่,ต.วังใหม่ อ.เมืองชุมพร จ.ชุมพร,16:00 น.,0.6,10.503825754504339,98.98582398891449
รพสต.แก่นมะกรูด,ต.แก่นมะกรูด อ.บ้านไร่ จ.อุทัยธานี,16:00 น.,0.6,15.161830439301236,99.289031624794
รร. บ้านหนองแอก,ต.บ้านผือ อ.โพนพิสัย จ.หนองคาย,16:00 น.,0.6,17.88947841383204,103.21054458618164
อบต.บ้านผึ้ง,ต.บ้านผึ้ง อ.เมืองนครพนม จ.นครพนม,16:00 น.,0.6,17.351483226515846,104.62038338184357
ทต.ดอยสะเก็ด,ต.เชิงดอย อ.ดอยสะเก็ด จ.เชียงใหม่,16:00 น.,0.6,18.864793174598233,99.1323047876358
ทต.ลำแก่น,ต.ลำแก่น อ.ท้ายเหมือง จ.พังงา,16:00 น.,0.6,8.596785469242757,98.2572340965271
ทต.ป่าซาง,ต.ป่าซาง อ.ป่าซาง จ.ลำพูน,16:00 น.,0.6,18.51811944731364,98.9394861459732
เมืองอุตรดิตถ์,ต.ป่าเซ่า อ.เมืองอุตรดิตถ์ จ.อุตรดิตถ์,16:00 น.,0.6,17.610166751003632,100.09939670562744
ทต.คุ้งตะเภา,ต.คุ้งตะเภา อ.เมืองอุตรดิตถ์ จ.อุตรดิตถ์,16:00 น.,0.6,17.625367134660625,100.12366533279419
บ้านผาเวียง,ต.ภูคา อ.ปัว จ.น่าน,16:00 น.,0.6,19.157816728615103,101.02511286735535
รพสต.หมอเมือง,ต.หมอเมือง อ.แม่จริม จ.น่าน,16:00 น.,0.6,18.678187804771007,100.99276542663574
บ้านห้วยตึม,ต.บ้านพี้ อ.บ้านหลวง จ.น่าน,15:00 น.,0.5,18.86942773883558,100.46600103378296
บ้านถ้ำมงกุฎ,ต.เขาวง อ.พระพุทธบาท จ.สระบุรี,15:00 น.,0.5,14.678449547986995,100.84699809551239
บ้านเจ้าพ่อเขาตก,ต.พุกร่าง อ.พระพุทธบาท จ.สระบุรี,15:00 น.,0.5,14.69904506976545,100.78500151634216
บ้านหินกอง,ต.ทุ่งเบญจา อ.ท่าใหม่ จ.จันทบุรี,15:00 น.,0.5,12.722494681359873,101.95600032806396
บ้านบีกริม,ต.คลองทับจันทร์ อ.อรัญประเทศ จ.สระแก้ว,15:00 น.,0.5,13.638479987572856,102.39340960979462
บ้านลาดผักหนาม,ต.ซับสีทอง อ.เมืองชัยภูมิ จ.ชัยภูมิ,15:00 น.,0.5,16.137615540199416,102.04899787902832
บ้านแม่อ้อใน,ต.เมืองนะ อ.เชียงดาว จ.เชียงใหม่,15:00 น.,0.5,19.29810158255929,98.99699807167053
บ้านเด่นฮ่อม,ต.บ่อแก้ว อ.สะเมิง จ.เชียงใหม่,15:00 น.,0.5,18.886848091274295,98.55399906635284
บ้านขุนแจ๋,ต.แม่แวน อ.พร้าว จ.เชียงใหม่,15:00 น.,0.5,19.331088772615633,99.3209981918335
บ้านเปียงหลวง,ต.เปียงหลวง อ.เวียงแหง จ.เชียงใหม่,15:00 น.,0.5,19.683727789440113,98.62699806690216
บ้านแม่หว่างพัฒนา,ต.นาทราย อ.ลี้ จ.ลำพูน,15:00 น.,0.5,17.67449758139237,99.00699734687805
บ้านบ่อสี่เหลี่ยม,ต.ปงเตา อ.งาว จ.ลำปาง,15:00 น.,0.5,18.876793032769942,99.8119980096817
บ้านตึงเหนือ,ต.วังทอง อ.วังเหนือ จ.ลำปาง,15:00 น.,0.5,19.039208863872638,99.70799803733826
บ้านหัวนา,ต.นานกกก อ.ลับแล จ.อุตรดิตถ์,15:00 น.,0.5,17.74282643219618,100.0790011882782
บ้านโปร่งศรี,ต.บ้านฟ้า อ.บ้านหลวง จ.น่าน,15:00 น.,0.5,18.785503518996283,100.45400083065033
บ้านห้วยน้ำอุ่น,ต.อ่ายนาไลย อ.เวียงสา จ.น่าน,15:00 น.,0.5,18.505595618371064,100.524001121521
บ้านส้อ,ต.เปือ อ.เชียงกลาง จ.น่าน,15:00 น.,0.5,19.30815639392614,100.84800124168396
บ้านหัวน้ำ,ต.พระธาตุ อ.เชียงกลาง จ.น่าน,15:00 น.,0.5,19.332921199531196,100.90499818325043
บ้านบ่อหยวกใต้,ต.บ่อเกลือเหนือ อ.บ่อเกลือ จ.น่าน,15:00 น.,0.5,19.283316949226844,101.17700099945068
บ้านบ่อหลวง,ต.บ่อเกลือใต้ อ.บ่อเกลือ จ.น่าน,15:00 น.,0.5,19.152095616902706,101.15500152111053
บ้านห่างทางหลวง,ต.ภูฟ้า อ.บ่อเกลือ จ.น่าน,15:00 น.,0.5,19.02543556408463,101.20400011539459
บ้านวังไผ่,ต.นาไร่หลวง อ.สองแคว จ.น่าน,15:00 น.,0.5,19.374717209261174,100.64399778842926
บ้านปางผักหม,ต.งิม อ.ปง จ.พะเยา,15:00 น.,0.5,19.335588811501545,100.31899988651276
บ้านก๊อดยาว,ต.แม่ข้าวต้ม อ.เมืองเชียงราย จ.เชียงราย,15:00 น.,0.5,20.102465584890755,99.95800137519836
บ้านสองพี่น้อง,ต.ริมโขง อ.เชียงของ จ.เชียงราย,15:00 น.,0.5,20.376004534644704,100.31199932098389
บ้านวังลาว,ต.เวียง อ.เชียงแสน จ.เชียงราย,15:00 น.,0.5,20.373037541542566,100.0600004196167
บ้านแม่สาย (บ้านถ้ำผาจม),ต.เวียงพางคำ อ.แม่สาย จ.เชียงราย,15:00 น.,0.5,20.440283758843748,99.87300217151642
บ้านแม่สรวย,ต.แม่สรวย อ.แม่สรวย จ.เชียงราย,15:00 น.,0.5,19.65297967775697,99.53799962997437
บ้านแม่ปูนล่าง,ต.สันสลี อ.เวียงป่าเป้า จ.เชียงราย,15:00 น.,0.5,19.413082357396505,99.45200264453888
บ้านขุนลาว,ต.แม่เจดีย์ใหม่ อ.เวียงป่าเป้า จ.เชียงราย,15:00 น.,0.5,19.0892162095161,99.37300086021423
บ้านหัวแม่คำ,ต.แม่สลองใน อ.แม่ฟ้าหลวง จ.เชียงราย,15:00 น.,0.5,20.367812476362644,99.46900248527527
บ้านทบศอก,ต.หมอกจำแป่ อ.เมืองแม่ฮ่องสอน จ.แม่ฮ่องสอน,15:00 น.,0.5,19.495818425803975,97.96000242233276
บ้านปางตอง,ต.แม่อูคอ อ.ขุนยวม จ.แม่ฮ่องสอน,15:00 น.,0.5,18.84358827853962,98.06400239467621
บ้านแม่หาร,ต.บ้านกาศ อ.แม่สะเรียง จ.แม่ฮ่องสอน,15:00 น.,0.5,18.210279002704652,97.88699805736542
บ้านอมพาย,ต.ป่าแป๋ อ.แม่สะเรียง จ.แม่ฮ่องสอน,15:00 น.,0.5,18.298250094472394,98.17199885845184
บ้านห้วยหมากหนุน,ต.ท่าผาปุ้ม อ.แม่ลาน้อย จ.แม่ฮ่องสอน,15:00 น.,0.5,18.33979006997763,97.99400210380554
บ้านห้วยกุ้ง,ต.ป่าโปง อ.สบเมย จ.แม่ฮ่องสอน,15:00 น.,0.5,18.14966475578415,98.12899768352509
บ้านปางสัก,ต.แม่เปิน อ.แม่เปิน จ.นครสวรรค์,15:00 น.,0.5,15.751258484839838,99.31399762630463
บ้านเขาแหลม,ต.แม่เปิน อ.แม่เปิน จ.นครสวรรค์,15:00 น.,0.5,15.646345516582121,99.42499816417694
บ้านหนองยายเงิน,ต.หนองจอก อ.บ้านไร่ จ.อุทัยธานี,15:00 น.,0.5,14.982663823706945,99.6780002117157
บ้านสันติสุข,ต.ท่าขุนราม อ.เมืองกำแพงเพชร จ.กำแพงเพชร,15:00 น.,0.5,16.447080168598724,99.42699909210205
บ้านตากฟ้า,ต.ปางตาไว อ.ปางศิลาทอง จ.กำแพงเพชร,15:00 น.,0.5,15.974191737999375,99.3800014257431
บ้านขุนห้วยนกกก,ต.แม่หละ อ.ท่าสองยาง จ.ตาก,15:00 น.,0.5,17.249847880587037,98.35000097751617
บ้านห้วยน้ำนัก,ต.พบพระ อ.พบพระ จ.ตาก,15:00 น.,0.5,16.429838793446578,98.66799831390381
บ้านหินสี,ต.ยางหัก อ.ปากท่อ จ.ราชบุรี,15:00 น.,0.5,13.324018063955748,99.55900132656097
บ้านหนองจอก,ต.ห้วยลึก อ.บ้านลาด จ.เพชรบุรี,15:00 น.,0.5,13.011007572050044,99.83399748802185
บ้านคันเบ็ด,ต.เขาแก้ว อ.ลานสกา จ.นครศรีธรรมราช,15:00 น.,0.5,8.36572536706615,99.75799977779388
บ้านปลายระแนะ,ต.ละอาย อ.ฉวาง จ.นครศรีธรรมราช,15:00 น.,0.5,8.459961637962465,99.62999939918518
บ้านเขาแก้ว,ต.ประสงค์ อ.ท่าชนะ จ.สุราษฎร์ธานี,15:00 น.,0.5,9.534278292794964,99.13300216197968
บ้านห้วยบอน,ต.บ้านโหนด อ.สะบ้าย้อย จ.สงขลา,15:00 น.,0.5,6.633047808123122,101.04900062084198
บ้านคลองกรอย,ต.ท่าชะมวง อ.รัตภูมิ จ.สงขลา,15:00 น.,0.5,7.099370209814929,100.13000071048737
บ้านพรุเตาะนอก,ต.ทุ่งใหญ่ อ.หาดใหญ่ จ.สงขลา,15:00 น.,0.5,7.040102208068911,100.53699910640717
บ้านท่าจีน,ต.น้ำน้อย อ.หาดใหญ่ จ.สงขลา,15:00 น.,0.5,7.097187655281978,100.53699910640717
บ้านสะพานไทร,ต.บางดี อ.ห้วยยอด จ.ตรัง,15:00 น.,0.5,7.863844120546546,99.46399748325348
บ้านควนขวาง,ต.เขาวิเศษ อ.วังวิเศษ จ.ตรัง,15:00 น.,0.5,7.691035258048772,99.43600058555603
บ้านโคกไทร,ต.คลองเฉลิม อ.กงหรา จ.พัทลุง,15:00 น.,0.5,7.381539336586621,99.95600044727325
บ้านควนยาว,ต.ลานข่อย อ.ป่าพะยอม จ.พัทลุง,15:00 น.,0.5,7.852599605856777,99.79800224304199
บ้านนาวง,ต.บ้านนา อ.ศรีนครินทร์ จ.พัทลุง,15:00 น.,0.5,7.587054423962113,99.85799789428711
บ้านธารโต,ต.ธารโต อ.ธารโต จ.ยะลา,15:00 น.,0.5,6.167819648920374,101.18200063705444
ทองผาภูมิ,ต.ท่าขนุน อ.ทองผาภูมิ จ.กาญจนบุรี,16:00 น.,0.5,14.742222416902438,98.63639116287231
บ้านนาตอน,ต.บ่อภาค อ.ชาติตระการ จ.พิษณุโลก,15:00 น.,0.5,17.386594883630213,100.75800240039825
บ้านม้งเก้าหลัง,ต.เทอดไทย อ.แม่ฟ้าหลวง จ.เชียงราย,15:00 น.,0.5,20.344088755427816,99.52099978923798
บ้านน้ำจวง,ต.บ่อภาค อ.ชาติตระการ จ.พิษณุโลก,15:00 น.,0.5,17.438261989434718,100.67499876022339
บ้านกกเต็น,ต.ห้วยขมิ้น อ.ด่านช้าง จ.สุพรรณบุรี,15:00 น.,0.5,14.944707130365503,99.59500193595886
บ้านเจ็ดร้อยไร่,ต.แม่เล่ย์ อ.แม่วงก์ จ.นครสวรรค์,15:00 น.,0.5,15.770851048964412,99.37000215053558
บ้านลำโชค,ต.บ้านแก่ง อ.ศรีสัชนาลัย จ.สุโขทัย,15:00 น.,0.5,17.44963354499241,99.60899770259857
บ้านวังโตก,ต.ตลิ่งชัน อ.บ้านด่านลานหอย จ.สุโขทัย,15:00 น.,0.5,17.08639399681642,99.43899929523468
บ้านแม่ออกฮู,ต.วาเล่ย์ อ.พบพระ จ.ตาก,15:00 น.,0.5,16.315423582394242,98.72399747371674
บ้านห้วยยาง,ต.บ่อเบี้ย อ.บ้านโคก จ.อุตรดิตถ์,15:00 น.,0.5,18.33238113342826,101.10900163650513
บ้านร้อง,ต.แม่เจดีย์ใหม่ อ.เวียงป่าเป้า จ.เชียงราย,15:00 น.,0.5,19.162868776140947,99.52000200748444
บ้านดอนทราย*,ต.ออนเหนือ อ.แม่ออน จ.เชียงใหม่,15:00 น.,0.5,18.78324349952134,99.25999939441681
บ้านหนองหมื่นชัย,ต.ไทยชนะศึก อ.ทุ่งเสลี่ยม จ.สุโขทัย,15:00 น.,0.5,17.36848695603074,99.5959997177124
บ้านแม่รากกลาง,ต.บ้านตึก อ.ศรีสัชนาลัย จ.สุโขทัย,15:00 น.,0.5,17.58734587677372,99.81126844882965
บ้านแพะแม่แฝกใหม่,ต.แม่แฝกใหม่ อ.สันทราย จ.เชียงใหม่,15:00 น.,0.5,18.99434001911395,98.99199843406677
เขตบางบอน,ต.บางบอน อ.บางบอน จ.กรุงเทพมหานคร,16:00 น.,0.5,13.633918432065995,100.36884069442749
ส.วัดไทร,ต.บางโคล่ อ.บางคอแหลม จ.กรุงเทพมหานคร,16:00 น.,0.5,13.686529971803568,100.51643192768097
บ้านจำปาทอง,ต.บ้านทำเนียบ อ.คีรีรัฐนิคม จ.สุราษฎร์ธานี,15:00 น.,0.5,8.860430922812256,98.90576004981995
บ้านท่ามะปราง,ต.ห้วยยอด อ.ห้วยยอด จ.ตรัง,15:00 น.,0.5,7.762345539800748,99.64540600776672
บ้านพุหวาย,ต.ห้วยทรายเหนือ อ.ชะอำ จ.เพชรบุรี,15:00 น.,0.5,12.720563803800504,99.84693109989166
บ้านมะค่าสี่ซอง,ต.หนองพลับ อ.หัวหิน จ.ประจวบคีรีขันธ์,15:00 น.,0.5,12.585831924747025,99.67787146568298
บ้านนาวัง,ต.ตะเคียนเตี้ย อ.บางละมุง จ.ชลบุรี,15:00 น.,0.5,12.998358643916017,101.00584387779236
บ้านบางทอง,ต.บางทอง อ.ท้ายเหมือง จ.พังงา,15:00 น.,0.5,8.385255881970396,98.36069226264954
บ้านสะพานหิน,ต.สลุย อ.ท่าแซะ จ.ชุมพร,15:00 น.,0.5,10.835049955444164,99.25776779651642
บ้านกือลอง,ต.ตลิ่งชัน อ.บันนังสตา จ.ยะลา,15:00 น.,0.5,6.30837239964559,101.33558392524719
อบต.ทุ่งแล้ง,ต.ทุ่งแล้ง อ.ลอง จ.แพร่,16:00 น.,0.4,17.970415856705433,99.74664866924286
ทต.ช้างเผือก,ต.ช้างเผือก อ.เมืองเชียงใหม่ จ.เชียงใหม่,16:00 น.,0.4,18.81010274919089,98.96994531154633
แก่งกระจาน,ต.วังจันทร์ อ.แก่งกระจาน จ.เพชรบุรี,16:00 น.,0.4,12.92225810330095,99.81751263141632
การประปา ทม.ชะอำ,ต.ชะอำ อ.ชะอำ จ.เพชรบุรี,16:00 น.,0.4,12.786299565358872,99.96014714241028
เฉลิมพระเกียรติ,ต.หนองยาง อ.เฉลิมพระเกียรติ จ.นครราชสีมา,11:00 น.,0.4,14.968003303094836,102.23786294460297
รร.บ้านวาน้อย,ต.วาใหญ่ อ.อากาศอำนวย จ.สกลนคร,16:00 น.,0.4,17.622483607997985,103.93653273582458
สำนักงานป้องกันและบรรเทาสาธารณภัย ทต.เชียงกลาง,ต.เชียงกลาง อ.เชียงกลาง จ.น่าน,16:00 น.,0.4,19.28753475656827,100.85815072059631
ชุมชนบ้านเหมือง,ต.อัยเยอร์เวง อ.เบตง จ.ยะลา,16:00 น.,0.4,5.923805427155755,101.12602293491364
ทต.ห้องแซง,ต.ห้องแซง อ.เลิงนกทา จ.ยโสธร,16:00 น.,0.4,16.26809900310965,104.40586030483246
ทต.ทุ่งเสลี่ยม,ต.ทุ่งเสลี่ยม อ.ทุ่งเสลี่ยม จ.สุโขทัย,16:00 น.,0.4,17.323770066900124,99.5675253868103
หน่วยพิทักษ์อุทยานแห่งชาติที่ นค.๑ (บ้านคลองยน),ต.สำนักแต้ว อ.สะเดา จ.สงขลา,16:00 น.,0.4,6.533922268207,100.53862452507019
ทะเลหมอก อัยเยอร์เวง,ต.อัยเยอร์เวง อ.เบตง จ.ยะลา,16:00 น.,0.4,5.9985438444070445,101.17656111717224
เมืองลพบุรี,ต.โพธิ์เก้าต้น อ.เมืองลพบุรี จ.ลพบุรี,16:00 น.,0.4,14.760477604498869,100.59960186481476
บางน้ำเปรี้ยว,ต.บางขนาก อ.บางน้ำเปรี้ยว จ.ฉะเชิงเทรา,16:00 น.,0.4,13.870361331944725,101.14572644233704
อบต.แหลมฟ้าผ่า,ต.แหลมฟ้าผ่า อ.พระสมุทรเจดีย์ จ.สมุทรปราการ,16:00 น.,0.4,13.547106993795868,100.53763210773468
หน่วยจัดการต้นน้ำดอยถ้วย,ต.เมืองนะ อ.เชียงดาว จ.เชียงใหม่,16:00 น.,0.4,19.69241519576906,98.80140602588654
อุทยานแห่งชาติภูผาเทิบ,ต.นาสีนวน อ.เมืองมุกดาหาร จ.มุกดาหาร,16:00 น.,0.4,16.433425085193072,104.80252683162689
อบต.หินดาด,ต.หินดาด อ.ทองผาภูมิ จ.กาญจนบุรี,16:00 น.,0.4,14.615062966406388,98.72972667217255
อบต.ช่องสามหมอ,ต.ช่องสามหมอ อ.แก้งคร้อ จ.ชัยภูมิ,16:00 น.,0.4,16.116698233577686,102.23190307617188
รร.บ้านท่าหัน,ต.รมณีย์ อ.กะปง จ.พังงา,16:00 น.,0.4,8.82907241062152,98.49199175834656
นายายอาม,ต.วังใหม่ อ.นายายอาม จ.จันทบุรี,16:00 น.,0.4,12.72247375053303,101.95599496364594
มุกดาหาร,ต.มุกดาหาร อ.เมืองมุกดาหาร จ.มุกดาหาร,16:00 น.,0.4,16.54138922090493,104.72888946533203
ป่าต้นน้ำคลองมะเดื่อ อช.เขาใหญ่ (นางรอง),ต.สาริกา อ.เมืองนครนายก จ.นครนายก,16:00 น.,0.4,14.36930098143796,101.27120018005371
สะพานห้วยหลวง,ต.วัดหลวง อ.โพนพิสัย จ.หนองคาย,16:00 น.,0.4,18.016798589055057,103.08090269565582
รร.วัดอู่ข้าว,ต.คลองเจ็ด อ.คลองหลวง จ.ปทุมธานี,16:00 น.,0.4,14.19109089066578,100.7542097568512
อบต.ลานสัก,ต.ลานสัก อ.ลานสัก จ.อุทัยธานี,16:00 น.,0.4,15.472789413248664,99.53971087932587
เหนือฝายพิมาย,ต.ในเมือง อ.พิมาย จ.นครราชสีมา,16:00 น.,0.4,15.22779422987868,102.50156164169312
ศูนย์ดูแลผู้สูงอายุ ทต.สามเงา,ต.สามเงา อ.สามเงา จ.ตาก,16:00 น.,0.4,17.22489142564165,99.05114114284515
สะพานวังแก่ง,ต.เขาเพิ่ม อ.บ้านนา จ.นครนายก,16:00 น.,0.4,14.364831861152707,101.09022617340088
หน่วยพิทักษ์ป่าอ่าวท่ายาง,ต.เกาะหมาก อ.ปากพะยูน จ.พัทลุง,16:00 น.,0.4,7.420272272983743,100.33268988132477
อบต.ทับปุด,ต.ทับปุด อ.ทับปุด จ.พังงา,16:00 น.,0.2,8.503283073904996,98.63018453121185
คลองบางหลวง,ต.บางหลวงโดด อ.บางบาล จ.พระนครศรีอยุธยา,16:00 น.,0.2,14.41588363472388,100.4407399892807
อบต.วังยาว,ต.วังยาว อ.ด่านช้าง จ.สุพรรณบุรี,16:00 น.,0.2,14.890175396010733,99.37749087810516
หน่วยจัดการต้นน้ำห้วยหลวง,ต.อูบมุง อ.หนองวัวซอ จ.อุดรธานี,16:00 น.,0.2,17.078497252095005,102.56073117256165
อบต.น้ำเที่ยง,ต.น้ำเที่ยง อ.คำชะอี จ.มุกดาหาร,16:00 น.,0.2,16.54302964143877,104.40854251384735
รพสต.บ้านทุ่งเสือโทน,ต.ชะแล อ.ทองผาภูมิ จ.กาญจนบุรี,16:00 น.,0.2,14.958799155174935,99.90890085697174
คลองกลาง,ต.ศาลเจ้าไก่ต่อ อ.ลาดยาว จ.นครสวรรค์,16:00 น.,0.2,15.783235465148797,99.65318977832794
อบต.พุ่มแก,ต.พุ่มแก อ.นาแก จ.นครพนม,16:00 น.,0.2,16.908831620177732,104.61868822574615
นครพนม,ต.ในเมือง อ.เมืองนครพนม จ.นครพนม,16:00 น.,0.2,17.410833254680195,104.7825014591217
ที่ทำการอุทยานแห่งชาติถ้ำผาไท,ต.บ้านหวด อ.งาว จ.ลำปาง,16:00 น.,0.2,18.604067557119816,99.90024268627167
อบต.ทุ่งคาวัด,ต.ทุ่งคาวัด อ.ละแม จ.ชุมพร,16:00 น.,0.2,9.74113000592051,99.02646481990814
วัดพิเสกประดิษฐิ์,ต.ใหม่นาเพียง อ.แวงใหญ่ จ.ขอนแก่น,16:00 น.,0.2,15.916468361060634,102.53628551959991
เครือข่ายลุ่มน้ำลาว,ต.แม่เจดีย์ใหม่ อ.เวียงป่าเป้า จ.เชียงราย,16:00 น.,0.2,19.128824003088113,99.43992733955383
อบต.ปังเผล,ต.ปรังเผล อ.สังขละบุรี จ.กาญจนบุรี,16:00 น.,0.2,14.953015265831151,98.61820578575134
อบต.โพธิ์ทอง,ต.โพธิ์ทอง อ.ปางศิลาทอง จ.กำแพงเพชร,16:00 น.,0.2,16.120996279539884,99.52571511268616
ทต.ทุ่งทราย,ต.ทุ่งทราย อ.ทรายทองวัฒนา จ.กำแพงเพชร,16:00 น.,0.2,16.295112126306257,99.80896711349487
บ้านหนองตาจอน,ต.ทุ่งหลวง อ.ปากท่อ จ.ราชบุรี,16:00 น.,0.2,13.43384839010452,99.67019498348236
รร. บ้านเพ็กเฟื้อย-ห้วยเตย,ต.หนองหว้า อ.เมืองหนองบัวลำภู จ.หนองบัวลำภู,16:00 น.,0.2,17.14743376337194,102.33208894729614
โรงฆ่าสัตว์ ทม.สวรรคโลก,ต.เมืองสวรรคโลก อ.สวรรคโลก จ.สุโขทัย,16:00 น.,0.2,17.316779668682308,99.8251461982727
หน่วยจัดการต้นน้ำดอยเปเปอร์,ต.แม่หละ อ.ท่าสองยาง จ.ตาก,16:00 น.,0.2,17.265078318227108,98.3586323261261
โครงการอนุรักษ์สภาพป่าแม่ตื่น ฯ (บ้านห้วยน้ำเย็น),ต.แม่ตื่น อ.แม่ระมาด จ.ตาก,16:00 น.,0.2,17.225460168368144,98.55740010738373
อบต.คลองขนาน,ต.คลองขนาน อ.เหนือคลอง จ.กระบี่,16:00 น.,0.2,8.005304330681563,99.01387989521027
อบต.เปียงหลวง,ต.เปียงหลวง อ.เวียงแหง จ.เชียงใหม่,16:00 น.,0.2,19.649246262092515,98.63483548164368
วังกระแจะ,ต.เนินทราย อ.เมืองตราด จ.ตราด,16:00 น.,0.2,12.262441726001608,102.52676904201508
หน่วยพิทักษ์อุทยานแห่งชาติที่ ทล.๑๑ (ไทยสามัคคี),ต.ไทยสามัคคี อ.วังน้ำเขียว จ.นครราชสีมา,16:00 น.,0.2,14.322968508030826,101.93308353424072
ที่ว่าการอำเภอจะแนะ,ต.จะแนะ อ.จะแนะ จ.นราธิวาส,16:00 น.,0.2,6.098417366500117,101.69391632080078
อบต.จอมพระ,ต.จอมพระ อ.จอมพระ จ.สุรินทร์,16:00 น.,0.2,15.113750148666304,103.61039757728577
ท่าตูม,ต.ทุ่งกุลา อ.ท่าตูม จ.สุรินทร์,16:00 น.,0.2,15.329681130283811,103.68261337280273
อบต.เทพนิมิต,ต.เทพนิมิต อ.โป่งน้ำร้อน จ.จันทบุรี,16:00 น.,0.2,13.040249212575374,102.44953215122223
ฝายคลองเปิก,ต.ถ้ำใหญ่ อ.ทุ่งสง จ.นครศรีธรรมราช,16:00 น.,0.2,8.193910445043599,99.73484694957733
พลิ้ว สกษ.,ต.ตะปอน อ.ขลุง จ.จันทบุรี,13:00 น.,0.2,12.508612197580401,102.17305541038513
ทับมา,ต.ทับมา อ.เมืองระยอง จ.ระยอง,16:00 น.,0.2,12.737867922612816,101.2284404039383
สะพานบ้านแหลมโตนด,ต.แหลมโตนด อ.ควนขนุน จ.พัทลุง,16:00 น.,0.2,7.8175993721464305,100.04754424095154
ทต.บ้านค่ายหมื่นแผ้ว,ต.บ้านค่าย อ.เมืองชัยภูมิ จ.ชัยภูมิ,16:00 น.,0.2,15.698945603617979,102.01483726501465
อบต.ไชยวัฒนา,ต.ไชยวัฒนา อ.ปัว จ.น่าน,16:00 น.,0.2,19.22249859247288,100.91778695583344
อบต.ดู่พงษ์,ต.ดู่พงษ์ อ.สันติสุข จ.น่าน,16:00 น.,0.2,18.911670990702007,100.94143867492676
สวนผึ้ง,ต.สวนผึ้ง อ.สวนผึ้ง จ.ราชบุรี,16:00 น.,0.2,13.560128909477825,99.36227202415466
อบต.บ้านแลง,ต.บ้านแลง อ.เมืองระยอง จ.ระยอง,16:00 น.,0.2,12.70019711796972,101.3347202539444
ทต.ยะรัง,ต.ยะรัง อ.ยะรัง จ.ปัตตานี,16:00 น.,0.2,6.764127592238241,101.30066692829132
ปง,ต.ปง อ.ปง จ.พะเยา,16:00 น.,0.2,19.148188525950513,100.27747392654419
อบต.กกสะทอน,ต.กกสะทอน อ.ด่านซ้าย จ.เลย,16:00 น.,0.2,17.089501326236093,101.11007988452911
รร.บ้านเหมืองตะกั่ว,ต.หนองธง อ.ป่าบอน จ.พัทลุง,16:00 น.,0.2,7.2132638064643055,100.07940888404846
คลองพระยาบรรลือ,ต.สามเมือง อ.ลาดบัวหลวง จ.พระนครศรีอยุธยา,16:00 น.,0.2,14.164825759846005,100.30726253986359
อุทยานแห่งชาติแม่เมย,ต.แม่สอง อ.ท่าสองยาง จ.ตาก,16:00 น.,0.2,17.48381047138537,98.07418406009674
ทม.บ้านดุง,ต.ศรีสุทโธ อ.บ้านดุง จ.อุดรธานี,16:00 น.,0.2,17.70449271004922,103.26374888420105
อบต.วังหมี,ต.วังหมี อ.วังน้ำเขียว จ.นครราชสีมา,16:00 น.,0.2,14.415660227092047,101.68402433395386
ด่านช้าง,ต.ด่านช้าง อ.ด่านช้าง จ.สุพรรณบุรี,16:00 น.,0.2,14.835028328398842,99.66546356678009
อบต.คลองพา,ต.คลองพา อ.ท่าชนะ จ.สุราษฎร์ธานี,16:00 น.,0.2,9.592202342187072,99.11969840526581
อบต.ตากฟ้า,ต.ตากฟ้า อ.ตากฟ้า จ.นครสวรรค์,16:00 น.,0.2,15.296459094195308,100.50284385681152
อบต.เวียง,ต.เวียง อ.ฝาง จ.เชียงใหม่,16:00 น.,0.2,19.94114883979092,99.21811401844025
เมืองสุพรรณบุรี,ต.ท่าพี่เลี้ยง อ.เมืองสุพรรณบุรี จ.สุพรรณบุรี,16:00 น.,0.2,14.470528548923813,100.11479258537292
งาว,ต.หลวงใต้ อ.งาว จ.ลำปาง,16:00 น.,0.2,18.76075339359547,99.97260332107544
สะพานเตาปูน-ตาลเดี่ยว,ต.ตาลเดี่ยว อ.แก่งคอย จ.สระบุรี,16:00 น.,0.2,14.580146598927545,100.96616327762604
ป่าสักงาม,ต.ลวงเหนือ อ.ดอยสะเก็ด จ.เชียงใหม่,16:00 น.,0.2,18.99260020061515,99.12812054157257
ที่ว่าการอำเภอไม้แก่น,ต.ไทรทอง อ.ไม้แก่น จ.ปัตตานี,16:00 น.,0.2,6.610475722059233,101.66754484176636
อบต.โนนกอก,ต.โนนกอก อ.เกษตรสมบูรณ์ จ.ชัยภูมิ,16:00 น.,0.2,16.199287850272192,101.93237006664276
อบต.นาสวน,ต.นาสวน อ.ศรีสวัสดิ์ จ.กาญจนบุรี,16:00 น.,0.2,14.611465685039695,99.1257494688034
อบต.ปากพนังฝั่งตะวันออก,ต.ปากพนังฝั่งตะวันออก อ.ปากพนัง จ.นครศรีธรรมราช,16:00 น.,0.2,8.388190681802545,100.23187637329102
อบต.นาไร่หลวง,ต.นาไร่หลวง อ.สองแคว จ.น่าน,16:00 น.,0.2,19.3670552403937,100.70083916187286
สมุทรปราการ สกษ.,ต.บางปู อ.เมืองสมุทรปราการ จ.สมุทรปราการ,13:00 น.,0.2,13.516669330490046,100.7616662979126
แก่งหางแมว,ต.แก่งหางแมว อ.แก่งหางแมว จ.จันทบุรี,16:00 น.,0.2,12.986785878437146,101.89962029457092
สวนสาธารณะ ทต.รือเสาะ,ต.รือเสาะ อ.รือเสาะ จ.นราธิวาส,16:00 น.,0.2,6.387924085044164,101.51715874671936
สถานีพัฒนาที่ดินยะลา,ต.ธารโต อ.ธารโต จ.ยะลา,16:00 น.,0.2,6.170363658162598,101.18082582950592
โนนปูน,ต.สุขสวัสดิ์ อ.ไพรบึง จ.ศรีสะเกษ,16:00 น.,0.2,14.866699690376304,104.32600021362305
วัดบ้านน้ำเย็น,ต.เมือง อ.กันทรลักษ์ จ.ศรีสะเกษ,16:00 น.,0.2,14.61543151652463,104.64975357055664
จันทบุรี,ต.วัดใหม่ อ.เมืองจันทบุรี จ.จันทบุรี,16:00 น.,0.1,12.616667252034615,102.11333334445953
หาดใหญ่,ต.ทุ่งลาน อ.คลองหอยโข่ง จ.สงขลา,16:00 น.,0.01,6.916665530379221,100.43333172798157
ประจวบคีรีขันธ์,ต.อ่าวน้อย อ.เมืองประจวบคีรีขันธ์ จ.ประจวบคีรีขันธ์,13:00 น.,0.01,11.833335591437256,99.83333230018616
แม่สอด,ต.แม่ตาว อ.แม่สอด จ.ตาก,16:00 น.,0.01,16.659165736222032,98.55083405971527
ชลบุรี,ต.บางปลาสร้อย อ.เมืองชลบุรี จ.ชลบุรี,13:00 น.,0.01,13.366667087657337,100.98333477973938
